Gene,Non-unique Gene name,Annotation,No. isolates,No. sequences,Avg sequences per isolate,Genome fragment,Order within fragment,Accessory Fragment,Accessory Order with fragment,QC,Min group size nuc,Max group size nuc,Avg group size nuc,genome_001,genome_002,genome_003,genome_004,genome_005,genome_006,genome_007,genome_008,genome_009,genome_010,genome_011,genome_012,genome_013,genome_014,genome_015,genome_016,genome_017,genome_018,genome_019,genome_020,genome_021,genome_022,genome_023,genome_024,genome_025,genome_026,genome_027,genome_028,genome_029,genome_030
group_0000,group_0000,efflux pump,,,,,,,,,,,,group_0000_genome_001_0,group_0000_genome_002_0,group_0000_genome_003_0,group_0000_genome_004_0;group_0000_genome_004_1,group_0000_genome_005_0,group_0000_genome_006_0,group_0000_genome_007_0,group_0000_genome_008_0,group_0000_genome_009_0;group_0000_genome_009_1,group_0000_genome_010_0,group_0000_genome_011_0,group_0000_genome_012_0,group_0000_genome_013_0,group_0000_genome_014_0,group_0000_genome_015_0,group_0000_genome_016_0,group_0000_genome_017_0,group_0000_genome_018_0,group_0000_genome_019_0,group_0000_genome_020_0,group_0000_genome_021_0,group_0000_genome_022_0,group_0000_genome_023_0,group_0000_genome_024_0,group_0000_genome_025_0,group_0000_genome_026_0,group_0000_genome_027_0,group_0000_genome_028_0,group_0000_genome_029_0,
group_0001,group_0001,flagellar protein,,,,,,,,,,,,,,group_0001_genome_003_0,group_0001_genome_004_0,group_0001_genome_005_0,,group_0001_genome_007_0,group_0001_genome_008_0,group_0001_genome_009_0,group_0001_genome_010_0,group_0001_genome_011_0,,group_0001_genome_013_0,,group_0001_genome_015_0,group_0001_genome_016_0,,,group_0001_genome_019_0,group_0001_genome_020_0,group_0001_genome_021_0,,group_0001_genome_023_0,,group_0001_genome_025_0,,group_0001_genome_027_0,group_0001_genome_028_0,,group_0001_genome_030_0
group_0002,group_0002,hypothetical protein,,,,,,,,,,,,group_0002_genome_001_0,,group_0002_genome_003_0,group_0002_genome_004_0,,,,group_0002_genome_008_0,group_0002_genome_009_0,,,group_0002_genome_012_0,group_0002_genome_013_0,,,,group_0002_genome_017_0,,,group_0002_genome_020_0,,,,,,,group_0002_genome_027_0,group_0002_genome_028_0,group_0002_genome_029_0,group_0002_genome_030_0;group_0002_genome_030_1
group_0003,group_0003,flagellar protein,,,,,,,,,,,,group_0003_genome_001_0,group_0003_genome_002_0,group_0003_genome_003_0,group_0003_genome_004_0,group_0003_genome_005_0,,,group_0003_genome_008_0,group_0003_genome_009_0,group_0003_genome_010_0,group_0003_genome_011_0,,group_0003_genome_013_0,,group_0003_genome_015_0,,group_0003_genome_017_0,group_0003_genome_018_0,group_0003_genome_019_0,,group_0003_genome_021_0,,group_0003_genome_023_0,group_0003_genome_024_0;group_0003_genome_024_1,group_0003_genome_025_0,group_0003_genome_026_0,group_0003_genome_027_0,,group_0003_genome_029_0;group_0003_genome_029_1,group_0003_genome_030_0
group_0004,group_0004,,,,,,,,,,,,,group_0004_genome_001_0,group_0004_genome_002_0,group_0004_genome_003_0,group_0004_genome_004_0,group_0004_genome_005_0,group_0004_genome_006_0,group_0004_genome_007_0,group_0004_genome_008_0,group_0004_genome_009_0,group_0004_genome_010_0,group_0004_genome_011_0,group_0004_genome_012_0,group_0004_genome_013_0,group_0004_genome_014_0,group_0004_genome_015_0,group_0004_genome_016_0,group_0004_genome_017_0,group_0004_genome_018_0,group_0004_genome_019_0,group_0004_genome_020_0;group_0004_genome_020_1,group_0004_genome_021_0,group_0004_genome_022_0,group_0004_genome_023_0,group_0004_genome_024_0,group_0004_genome_025_0,group_0004_genome_026_0,group_0004_genome_027_0,group_0004_genome_028_0,group_0004_genome_029_0,group_0004_genome_030_0
group_0005,group_0005,hypothetical protein,,,,,,,,,,,,group_0005_genome_001_0,group_0005_genome_002_0,group_0005_genome_003_0,group_0005_genome_004_0,group_0005_genome_005_0,group_0005_genome_006_0,group_0005_genome_007_0,group_0005_genome_008_0,group_0005_genome_009_0,group_0005_genome_010_0,group_0005_genome_011_0,group_0005_genome_012_0,group_0005_genome_013_0,group_0005_genome_014_0,group_0005_genome_015_0,group_0005_genome_016_0,group_0005_genome_017_0,group_0005_genome_018_0,group_0005_genome_019_0,group_0005_genome_020_0,group_0005_genome_021_0,group_0005_genome_022_0,group_0005_genome_023_0,group_0005_genome_024_0,group_0005_genome_025_0,group_0005_genome_026_0,group_0005_genome_027_0,group_0005_genome_028_0,group_0005_genome_029_0,group_0005_genome_030_0
group_0006,group_0006,,,,,,,,,,,,,group_0006_genome_001_0,group_0006_genome_002_0,group_0006_genome_003_0;group_0006_genome_003_1,group_0006_genome_004_0,group_0006_genome_005_0,group_0006_genome_006_0,group_0006_genome_007_0,group_0006_genome_008_0,group_0006_genome_009_0,group_0006_genome_010_0,group_0006_genome_011_0,group_0006_genome_012_0,group_0006_genome_013_0,group_0006_genome_014_0,group_0006_genome_015_0,group_0006_genome_016_0;group_0006_genome_016_1,group_0006_genome_017_0,group_0006_genome_018_0,group_0006_genome_019_0,group_0006_genome_020_0,group_0006_genome_021_0,group_0006_genome_022_0,group_0006_genome_023_0,group_0006_genome_024_0,group_0006_genome_025_0,group_0006_genome_026_0,group_0006_genome_027_0,group_0006_genome_028_0,group_0006_genome_029_0;group_0006_genome_029_1,group_0006_genome_030_0
group_0007,group_0007,membrane transporter,,,,,,,,,,,,group_0007_genome_001_0,group_0007_genome_002_0,group_0007_genome_003_0,group_0007_genome_004_0,group_0007_genome_005_0,group_0007_genome_006_0,group_0007_genome_007_0,group_0007_genome_008_0;group_0007_genome_008_1,group_0007_genome_009_0,group_0007_genome_010_0,group_0007_genome_011_0,group_0007_genome_012_0,group_0007_genome_013_0,group_0007_genome_014_0;group_0007_genome_014_1,group_0007_genome_015_0,group_0007_genome_016_0,group_0007_genome_017_0,group_0007_genome_018_0,group_0007_genome_019_0,group_0007_genome_020_0,group_0007_genome_021_0,group_0007_genome_022_0,group_0007_genome_023_0,group_0007_genome_024_0,group_0007_genome_025_0,group_0007_genome_026_0,group_0007_genome_027_0,group_0007_genome_028_0,group_0007_genome_029_0,group_0007_genome_030_0
group_0008,group_0008,efflux pump,,,,,,,,,,,,group_0008_genome_001_0,,group_0008_genome_003_0,group_0008_genome_004_0,group_0008_genome_005_0,group_0008_genome_006_0,group_0008_genome_007_0,group_0008_genome_008_0,,group_0008_genome_010_0,group_0008_genome_011_0,,group_0008_genome_013_0,,,group_0008_genome_016_0,,,group_0008_genome_019_0,group_0008_genome_020_0,,,,,,,group_0008_genome_027_0,group_0008_genome_028_0,group_0008_genome_029_0,
group_0009,group_0009,hypothetical protein,,,,,,,,,,,,group_0009_genome_001_0,group_0009_genome_002_0,group_0009_genome_003_0,group_0009_genome_004_0,group_0009_genome_005_0;group_0009_genome_005_1,group_0009_genome_006_0,group_0009_genome_007_0,group_0009_genome_008_0,group_0009_genome_009_0,group_0009_genome_010_0;group_0009_genome_010_1,group_0009_genome_011_0,group_0009_genome_012_0,group_0009_genome_013_0,group_0009_genome_014_0,group_0009_genome_015_0,group_0009_genome_016_0,group_0009_genome_017_0,group_0009_genome_018_0,group_0009_genome_019_0,group_0009_genome_020_0,group_0009_genome_021_0,group_0009_genome_022_0,group_0009_genome_023_0,group_0009_genome_024_0,,group_0009_genome_026_0,group_0009_genome_027_0,group_0009_genome_028_0,group_0009_genome_029_0,group_0009_genome_030_0
group_0010,group_0010,,,,,,,,,,,,,group_0010_genome_001_0,,group_0010_genome_003_0,group_0010_genome_004_0,group_0010_genome_005_0,group_0010_genome_006_0,,group_0010_genome_008_0,group_0010_genome_009_0,,group_0010_genome_011_0;group_0010_genome_011_1,,group_0010_genome_013_0,,group_0010_genome_015_0,,group_0010_genome_017_0;group_0010_genome_017_1,,group_0010_genome_019_0,group_0010_genome_020_0,,,group_0010_genome_023_0,group_0010_genome_024_0,,group_0010_genome_026_0,group_0010_genome_027_0,group_0010_genome_028_0,group_0010_genome_029_0,group_0010_genome_030_0
group_0011,group_0011,efflux pump,,,,,,,,,,,,group_0011_genome_001_0,,,group_0011_genome_004_0,group_0011_genome_005_0,,group_0011_genome_007_0,,group_0011_genome_009_0,group_0011_genome_010_0,group_0011_genome_011_0,group_0011_genome_012_0,,,,group_0011_genome_016_0;group_0011_genome_016_1,group_0011_genome_017_0,group_0011_genome_018_0,group_0011_genome_019_0,group_0011_genome_020_0,group_0011_genome_021_0,,group_0011_genome_023_0,,group_0011_genome_025_0,group_0011_genome_026_0,group_0011_genome_027_0,,group_0011_genome_029_0,group_0011_genome_030_0
group_0012,group_0012,virulence factor,,,,,,,,,,,,group_0012_genome_001_0,group_0012_genome_002_0,group_0012_genome_003_0,group_0012_genome_004_0,group_0012_genome_005_0,group_0012_genome_006_0,group_0012_genome_007_0,group_0012_genome_008_0,group_0012_genome_009_0,group_0012_genome_010_0,group_0012_genome_011_0,group_0012_genome_012_0,group_0012_genome_013_0,group_0012_genome_014_0,group_0012_genome_015_0,group_0012_genome_016_0,group_0012_genome_017_0,group_0012_genome_018_0,group_0012_genome_019_0,group_0012_genome_020_0,group_0012_genome_021_0,group_0012_genome_022_0,group_0012_genome_023_0,group_0012_genome_024_0,group_0012_genome_025_0,group_0012_genome_026_0,group_0012_genome_027_0,group_0012_genome_028_0,group_0012_genome_029_0,group_0012_genome_030_0
group_0013,group_0013,virulence factor,,,,,,,,,,,,group_0013_genome_001_0,group_0013_genome_002_0,,,group_0013_genome_005_0,group_0013_genome_006_0,,group_0013_genome_008_0,group_0013_genome_009_0,,group_0013_genome_011_0,,,group_0013_genome_014_0,group_0013_genome_015_0,,,,group_0013_genome_019_0,,group_0013_genome_021_0,group_0013_genome_022_0,,group_0013_genome_024_0,group_0013_genome_025_0,group_0013_genome_026_0,,group_0013_genome_028_0,,group_0013_genome_030_0
group_0014,group_0014,DNA polymerase,,,,,,,,,,,,group_0014_genome_001_0,group_0014_genome_002_0,group_0014_genome_003_0,group_0014_genome_004_0,group_0014_genome_005_0,group_0014_genome_006_0,group_0014_genome_007_0,group_0014_genome_008_0,group_0014_genome_009_0,group_0014_genome_010_0,group_0014_genome_011_0,group_0014_genome_012_0,group_0014_genome_013_0,group_0014_genome_014_0,group_0014_genome_015_0,group_0014_genome_016_0,group_0014_genome_017_0,group_0014_genome_018_0,,group_0014_genome_020_0,group_0014_genome_021_0,group_0014_genome_022_0,group_0014_genome_023_0,group_0014_genome_024_0,group_0014_genome_025_0;group_0014_genome_025_1,group_0014_genome_026_0,group_0014_genome_027_0,group_0014_genome_028_0,group_0014_genome_029_0,group_0014_genome_030_0
group_0015,group_0015,virulence factor,,,,,,,,,,,,,,,,,,,,,,,,,,,,group_0015_genome_017_0,group_0015_genome_018_0,,,,,,,,,,,,
group_0016,group_0016,DNA polymerase,,,,,,,,,,,,group_0016_genome_001_0,group_0016_genome_002_0,group_0016_genome_003_0,group_0016_genome_004_0,group_0016_genome_005_0,group_0016_genome_006_0,group_0016_genome_007_0,group_0016_genome_008_0,group_0016_genome_009_0,group_0016_genome_010_0,group_0016_genome_011_0,group_0016_genome_012_0;group_0016_genome_012_1,group_0016_genome_013_0,,group_0016_genome_015_0,group_0016_genome_016_0,group_0016_genome_017_0,group_0016_genome_018_0,group_0016_genome_019_0,group_0016_genome_020_0,group_0016_genome_021_0,group_0016_genome_022_0,group_0016_genome_023_0,group_0016_genome_024_0,group_0016_genome_025_0,group_0016_genome_026_0,group_0016_genome_027_0,group_0016_genome_028_0,group_0016_genome_029_0,group_0016_genome_030_0
group_0017,group_0017,,,,,,,,,,,,,,,,,group_0017_genome_005_0,,,,,,,,,,,,,,,,,,,,,,,,,
group_0018,group_0018,DNA polymerase,,,,,,,,,,,,group_0018_genome_001_0,group_0018_genome_002_0,group_0018_genome_003_0,group_0018_genome_004_0,group_0018_genome_005_0,,group_0018_genome_007_0,,,,,,,group_0018_genome_014_0,group_0018_genome_015_0,group_0018_genome_016_0,,group_0018_genome_018_0,,group_0018_genome_020_0,,,,group_0018_genome_024_0,,,group_0018_genome_027_0,,,group_0018_genome_030_0
group_0019,group_0019,flagellar protein,,,,,,,,,,,,,group_0019_genome_002_0,,group_0019_genome_004_0,,,group_0019_genome_007_0,group_0019_genome_008_0,group_0019_genome_009_0,,group_0019_genome_011_0;group_0019_genome_011_1,group_0019_genome_012_0,group_0019_genome_013_0,group_0019_genome_014_0,group_0019_genome_015_0,group_0019_genome_016_0,,,,,group_0019_genome_021_0,group_0019_genome_022_0,,group_0019_genome_024_0,,group_0019_genome_026_0,group_0019_genome_027_0,group_0019_genome_028_0,group_0019_genome_029_0,group_0019_genome_030_0
group_0020,group_0020,DNA polymerase,,,,,,,,,,,,group_0020_genome_001_0,group_0020_genome_002_0,group_0020_genome_003_0,group_0020_genome_004_0,group_0020_genome_005_0,group_0020_genome_006_0,group_0020_genome_007_0,group_0020_genome_008_0,group_0020_genome_009_0,group_0020_genome_010_0,group_0020_genome_011_0,group_0020_genome_012_0,group_0020_genome_013_0,group_0020_genome_014_0,group_0020_genome_015_0,group_0020_genome_016_0,group_0020_genome_017_0,group_0020_genome_018_0,group_0020_genome_019_0,group_0020_genome_020_0,group_0020_genome_021_0,group_0020_genome_022_0,group_0020_genome_023_0,group_0020_genome_024_0,group_0020_genome_025_0,group_0020_genome_026_0,group_0020_genome_027_0;group_0020_genome_027_1,group_0020_genome_028_0,group_0020_genome_029_0,group_0020_genome_030_0
group_0021,group_0021,membrane transporter,,,,,,,,,,,,group_0021_genome_001_0,group_0021_genome_002_0,group_0021_genome_003_0,group_0021_genome_004_0,group_0021_genome_005_0,group_0021_genome_006_0,group_0021_genome_007_0,group_0021_genome_008_0,group_0021_genome_009_0,group_0021_genome_010_0,group_0021_genome_011_0,group_0021_genome_012_0,group_0021_genome_013_0,group_0021_genome_014_0,group_0021_genome_015_0,group_0021_genome_016_0,group_0021_genome_017_0,group_0021_genome_018_0,group_0021_genome_019_0,group_0021_genome_020_0,group_0021_genome_021_0,group_0021_genome_022_0,group_0021_genome_023_0,group_0021_genome_024_0,group_0021_genome_025_0,group_0021_genome_026_0,group_0021_genome_027_0,group_0021_genome_028_0,group_0021_genome_029_0,group_0021_genome_030_0
group_0022,group_0022,membrane transporter,,,,,,,,,,,,group_0022_genome_001_0,group_0022_genome_002_0,group_0022_genome_003_0,group_0022_genome_004_0,group_0022_genome_005_0,group_0022_genome_006_0,group_0022_genome_007_0,group_0022_genome_008_0,group_0022_genome_009_0,group_0022_genome_010_0,group_0022_genome_011_0,group_0022_genome_012_0,group_0022_genome_013_0,group_0022_genome_014_0,group_0022_genome_015_0,group_0022_genome_016_0,group_0022_genome_017_0,group_0022_genome_018_0,,group_0022_genome_020_0,group_0022_genome_021_0,group_0022_genome_022_0,group_0022_genome_023_0,group_0022_genome_024_0,group_0022_genome_025_0,group_0022_genome_026_0,group_0022_genome_027_0,group_0022_genome_028_0,group_0022_genome_029_0,group_0022_genome_030_0
group_0023,group_0023,beta-lactamase,,,,,,,,,,,,group_0023_genome_001_0,group_0023_genome_002_0,group_0023_genome_003_0,group_0023_genome_004_0,group_0023_genome_005_0,group_0023_genome_006_0,group_0023_genome_007_0,group_0023_genome_008_0,group_0023_genome_009_0,group_0023_genome_010_0,group_0023_genome_011_0,group_0023_genome_012_0,group_0023_genome_013_0,group_0023_genome_014_0,group_0023_genome_015_0,group_0023_genome_016_0,group_0023_genome_017_0,group_0023_genome_018_0,group_0023_genome_019_0,group_0023_genome_020_0,group_0023_genome_021_0,group_0023_genome_022_0,group_0023_genome_023_0,group_0023_genome_024_0,group_0023_genome_025_0,group_0023_genome_026_0,group_0023_genome_027_0,group_0023_genome_028_0,group_0023_genome_029_0,group_0023_genome_030_0
group_0024,group_0024,efflux pump,,,,,,,,,,,,group_0024_genome_001_0,group_0024_genome_002_0,group_0024_genome_003_0,group_0024_genome_004_0,group_0024_genome_005_0,group_0024_genome_006_0,group_0024_genome_007_0,group_0024_genome_008_0,group_0024_genome_009_0,group_0024_genome_010_0,group_0024_genome_011_0,group_0024_genome_012_0,group_0024_genome_013_0,group_0024_genome_014_0,group_0024_genome_015_0,group_0024_genome_016_0,group_0024_genome_017_0,group_0024_genome_018_0,group_0024_genome_019_0,group_0024_genome_020_0,group_0024_genome_021_0,group_0024_genome_022_0,group_0024_genome_023_0,group_0024_genome_024_0,group_0024_genome_025_0,group_0024_genome_026_0,group_0024_genome_027_0,group_0024_genome_028_0,group_0024_genome_029_0,group_0024_genome_030_0
group_0025,group_0025,efflux pump,,,,,,,,,,,,group_0025_genome_001_0,group_0025_genome_002_0,group_0025_genome_003_0,group_0025_genome_004_0,group_0025_genome_005_0,group_0025_genome_006_0,group_0025_genome_007_0,group_0025_genome_008_0,group_0025_genome_009_0,group_0025_genome_010_0,group_0025_genome_011_0,group_0025_genome_012_0,group_0025_genome_013_0,group_0025_genome_014_0,group_0025_genome_015_0;group_0025_genome_015_1,group_0025_genome_016_0,group_0025_genome_017_0,group_0025_genome_018_0,group_0025_genome_019_0,group_0025_genome_020_0,group_0025_genome_021_0,group_0025_genome_022_0,group_0025_genome_023_0,group_0025_genome_024_0,,group_0025_genome_026_0;group_0025_genome_026_1,group_0025_genome_027_0,group_0025_genome_028_0,group_0025_genome_029_0,group_0025_genome_030_0
group_0026,group_0026,membrane transporter,,,,,,,,,,,,,,,,,,group_0026_genome_007_0,,,group_0026_genome_010_0,group_0026_genome_011_0,,,,,,,,,,,,,,,,,,,
group_0027,group_0027,DNA polymerase,,,,,,,,,,,,,group_0027_genome_002_0,,,,,,,,,,,group_0027_genome_013_0,,,,,,group_0027_genome_019_0,,,,,,,,group_0027_genome_027_0,,,
group_0028,group_0028,beta-lactamase,,,,,,,,,,,,,,group_0028_genome_003_0,group_0028_genome_004_0,group_0028_genome_005_0,group_0028_genome_006_0,,group_0028_genome_008_0,group_0028_genome_009_0,group_0028_genome_010_0,,group_0028_genome_012_0,group_0028_genome_013_0,,group_0028_genome_015_0,group_0028_genome_016_0,,,group_0028_genome_019_0,group_0028_genome_020_0,,,,,,,group_0028_genome_027_0,group_0028_genome_028_0,,group_0028_genome_030_0
group_0029,group_0029,membrane transporter,,,,,,,,,,,,,group_0029_genome_002_0,group_0029_genome_003_0,group_0029_genome_004_0,group_0029_genome_005_0,group_0029_genome_006_0,group_0029_genome_007_0,group_0029_genome_008_0,group_0029_genome_009_0,group_0029_genome_010_0,group_0029_genome_011_0,group_0029_genome_012_0,group_0029_genome_013_0,group_0029_genome_014_0,group_0029_genome_015_0,group_0029_genome_016_0,group_0029_genome_017_0,group_0029_genome_018_0,group_0029_genome_019_0,group_0029_genome_020_0,group_0029_genome_021_0,group_0029_genome_022_0,group_0029_genome_023_0,group_0029_genome_024_0,group_0029_genome_025_0,group_0029_genome_026_0,group_0029_genome_027_0,group_0029_genome_028_0,group_0029_genome_029_0,group_0029_genome_030_0
group_0030,group_0030,DNA polymerase,,,,,,,,,,,,group_0030_genome_001_0,group_0030_genome_002_0,group_0030_genome_003_0,group_0030_genome_004_0,group_0030_genome_005_0,group_0030_genome_006_0,group_0030_genome_007_0,group_0030_genome_008_0,group_0030_genome_009_0,group_0030_genome_010_0,group_0030_genome_011_0,group_0030_genome_012_0,group_0030_genome_013_0,group_0030_genome_014_0,group_0030_genome_015_0,group_0030_genome_016_0,group_0030_genome_017_0,group_0030_genome_018_0,group_0030_genome_019_0,group_0030_genome_020_0,group_0030_genome_021_0,group_0030_genome_022_0,group_0030_genome_023_0,group_0030_genome_024_0,group_0030_genome_025_0,group_0030_genome_026_0,group_0030_genome_027_0,group_0030_genome_028_0,group_0030_genome_029_0,group_0030_genome_030_0
group_0031,group_0031,DNA polymerase,,,,,,,,,,,,,,,,,,,,,,,group_0031_genome_012_0,,,,,,,,,,,,,,,,,,group_0031_genome_030_0
group_0032,group_0032,efflux pump,,,,,,,,,,,,,,,,group_0032_genome_005_0,,,,,,,,,,,,,group_0032_genome_018_0,,group_0032_genome_020_0,,,,,,,,group_0032_genome_028_0,,
group_0033,group_0033,,,,,,,,,,,,,group_0033_genome_001_0,,group_0033_genome_003_0,,,,,,group_0033_genome_009_0,group_0033_genome_010_0,,group_0033_genome_012_0,group_0033_genome_013_0,group_0033_genome_014_0,,,group_0033_genome_017_0,,group_0033_genome_019_0,,,,group_0033_genome_023_0,,group_0033_genome_025_0,group_0033_genome_026_0,group_0033_genome_027_0,,,group_0033_genome_030_0
group_0034,group_0034,flagellar protein,,,,,,,,,,,,group_0034_genome_001_0,group_0034_genome_002_0,group_0034_genome_003_0,group_0034_genome_004_0,group_0034_genome_005_0,group_0034_genome_006_0,group_0034_genome_007_0,group_0034_genome_008_0,group_0034_genome_009_0,group_0034_genome_010_0,group_0034_genome_011_0,group_0034_genome_012_0,group_0034_genome_013_0,group_0034_genome_014_0,group_0034_genome_015_0,,group_0034_genome_017_0,group_0034_genome_018_0,group_0034_genome_019_0,group_0034_genome_020_0,group_0034_genome_021_0,group_0034_genome_022_0,group_0034_genome_023_0,group_0034_genome_024_0,group_0034_genome_025_0,group_0034_genome_026_0,group_0034_genome_027_0,group_0034_genome_028_0,group_0034_genome_029_0,group_0034_genome_030_0
group_0035,group_0035,virulence factor,,,,,,,,,,,,,,,,,,,,,,,,,group_0035_genome_014_0,,group_0035_genome_016_0,,,,,,,,,,,,,,
group_0036,group_0036,membrane transporter,,,,,,,,,,,,group_0036_genome_001_0,group_0036_genome_002_0,group_0036_genome_003_0,group_0036_genome_004_0,group_0036_genome_005_0,group_0036_genome_006_0,group_0036_genome_007_0,group_0036_genome_008_0,group_0036_genome_009_0,group_0036_genome_010_0,group_0036_genome_011_0,group_0036_genome_012_0,group_0036_genome_013_0,group_0036_genome_014_0,group_0036_genome_015_0,group_0036_genome_016_0,group_0036_genome_017_0,group_0036_genome_018_0,group_0036_genome_019_0,group_0036_genome_020_0,,group_0036_genome_022_0,group_0036_genome_023_0,group_0036_genome_024_0,group_0036_genome_025_0,group_0036_genome_026_0,,group_0036_genome_028_0,group_0036_genome_029_0,group_0036_genome_030_0
group_0037,group_0037,hypothetical protein,,,,,,,,,,,,group_0037_genome_001_0,group_0037_genome_002_0,,group_0037_genome_004_0;group_0037_genome_004_1,group_0037_genome_005_0,,group_0037_genome_007_0,,group_0037_genome_009_0,group_0037_genome_010_0,,group_0037_genome_012_0,group_0037_genome_013_0,,group_0037_genome_015_0,group_0037_genome_016_0,group_0037_genome_017_0,group_0037_genome_018_0,group_0037_genome_019_0,group_0037_genome_020_0,group_0037_genome_021_0,group_0037_genome_022_0,,group_0037_genome_024_0,,group_0037_genome_026_0,group_0037_genome_027_0,group_0037_genome_028_0,group_0037_genome_029_0,
group_0038,group_0038,hypothetical protein,,,,,,,,,,,,group_0038_genome_001_0,,,,,group_0038_genome_006_0,group_0038_genome_007_0,,group_0038_genome_009_0,group_0038_genome_010_0,,,group_0038_genome_013_0,group_0038_genome_014_0,group_0038_genome_015_0,,,,group_0038_genome_019_0,group_0038_genome_020_0,,,,group_0038_genome_024_0,,group_0038_genome_026_0,,group_0038_genome_028_0,group_0038_genome_029_0,
group_0039,group_0039,efflux pump,,,,,,,,,,,,,,,,group_0039_genome_005_0,group_0039_genome_006_0,group_0039_genome_007_0,group_0039_genome_008_0,,group_0039_genome_010_0,,,group_0039_genome_013_0,group_0039_genome_014_0,,,group_0039_genome_017_0,group_0039_genome_018_0,group_0039_genome_019_0,group_0039_genome_020_0,group_0039_genome_021_0,,group_0039_genome_023_0,group_0039_genome_024_0,,group_0039_genome_026_0,group_0039_genome_027_0,group_0039_genome_028_0,,
group_0040,group_0040,beta-lactamase,,,,,,,,,,,,,group_0040_genome_002_0,group_0040_genome_003_0;group_0040_genome_003_1,group_0040_genome_004_0,group_0040_genome_005_0,group_0040_genome_006_0,group_0040_genome_007_0,,,,group_0040_genome_011_0,group_0040_genome_012_0;group_0040_genome_012_1,,group_0040_genome_014_0,group_0040_genome_015_0,group_0040_genome_016_0,group_0040_genome_017_0,group_0040_genome_018_0,,group_0040_genome_020_0,,group_0040_genome_022_0,group_0040_genome_023_0,,group_0040_genome_025_0,group_0040_genome_026_0,,group_0040_genome_028_0,group_0040_genome_029_0,
group_0041,group_0041,hypothetical protein,,,,,,,,,,,,group_0041_genome_001_0,group_0041_genome_002_0,,group_0041_genome_004_0,group_0041_genome_005_0,group_0041_genome_006_0,group_0041_genome_007_0,group_0041_genome_008_0,group_0041_genome_009_0,group_0041_genome_010_0,group_0041_genome_011_0,group_0041_genome_012_0,group_0041_genome_013_0,group_0041_genome_014_0,group_0041_genome_015_0,group_0041_genome_016_0,group_0041_genome_017_0,group_0041_genome_018_0,group_0041_genome_019_0,group_0041_genome_020_0,group_0041_genome_021_0,group_0041_genome_022_0,group_0041_genome_023_0,group_0041_genome_024_0,group_0041_genome_025_0,group_0041_genome_026_0,group_0041_genome_027_0,group_0041_genome_028_0,group_0041_genome_029_0,group_0041_genome_030_0
group_0042,group_0042,DNA polymerase,,,,,,,,,,,,group_0042_genome_001_0,group_0042_genome_002_0,group_0042_genome_003_0;group_0042_genome_003_1,group_0042_genome_004_0,group_0042_genome_005_0,group_0042_genome_006_0,group_0042_genome_007_0,group_0042_genome_008_0,group_0042_genome_009_0,group_0042_genome_010_0,group_0042_genome_011_0,group_0042_genome_012_0,group_0042_genome_013_0,group_0042_genome_014_0,group_0042_genome_015_0,group_0042_genome_016_0,group_0042_genome_017_0,group_0042_genome_018_0,group_0042_genome_019_0,group_0042_genome_020_0,group_0042_genome_021_0,group_0042_genome_022_0,group_0042_genome_023_0,group_0042_genome_024_0,group_0042_genome_025_0,group_0042_genome_026_0,,group_0042_genome_028_0,group_0042_genome_029_0,group_0042_genome_030_0
group_0043,group_0043,membrane transporter,,,,,,,,,,,,group_0043_genome_001_0,group_0043_genome_002_0,group_0043_genome_003_0,group_0043_genome_004_0,group_0043_genome_005_0,group_0043_genome_006_0,group_0043_genome_007_0,group_0043_genome_008_0,group_0043_genome_009_0,group_0043_genome_010_0,group_0043_genome_011_0,group_0043_genome_012_0,group_0043_genome_013_0,group_0043_genome_014_0,group_0043_genome_015_0,group_0043_genome_016_0,group_0043_genome_017_0,group_0043_genome_018_0,group_0043_genome_019_0,group_0043_genome_020_0,group_0043_genome_021_0,group_0043_genome_022_0,group_0043_genome_023_0,group_0043_genome_024_0,group_0043_genome_025_0,group_0043_genome_026_0,group_0043_genome_027_0;group_0043_genome_027_1,group_0043_genome_028_0,group_0043_genome_029_0,group_0043_genome_030_0
group_0044,group_0044,virulence factor,,,,,,,,,,,,group_0044_genome_001_0,group_0044_genome_002_0,group_0044_genome_003_0,group_0044_genome_004_0,group_0044_genome_005_0,group_0044_genome_006_0,group_0044_genome_007_0,group_0044_genome_008_0,group_0044_genome_009_0,group_0044_genome_010_0,group_0044_genome_011_0;group_0044_genome_011_1,group_0044_genome_012_0,group_0044_genome_013_0,group_0044_genome_014_0,group_0044_genome_015_0,group_0044_genome_016_0,group_0044_genome_017_0,group_0044_genome_018_0,group_0044_genome_019_0,group_0044_genome_020_0,group_0044_genome_021_0;group_0044_genome_021_1,group_0044_genome_022_0,group_0044_genome_023_0,group_0044_genome_024_0,group_0044_genome_025_0,group_0044_genome_026_0,group_0044_genome_027_0,group_0044_genome_028_0,group_0044_genome_029_0,group_0044_genome_030_0
group_0045,group_0045,,,,,,,,,,,,,,,group_0045_genome_003_0,group_0045_genome_004_0,group_0045_genome_005_0,group_0045_genome_006_0,group_0045_genome_007_0,group_0045_genome_008_0,group_0045_genome_009_0,,,,group_0045_genome_013_0,group_0045_genome_014_0,group_0045_genome_015_0,group_0045_genome_016_0;group_0045_genome_016_1,group_0045_genome_017_0,,group_0045_genome_019_0,,group_0045_genome_021_0,group_0045_genome_022_0,group_0045_genome_023_0,group_0045_genome_024_0,group_0045_genome_025_0,group_0045_genome_026_0,,group_0045_genome_028_0,group_0045_genome_029_0,
group_0046,group_0046,membrane transporter,,,,,,,,,,,,,,group_0046_genome_003_0,group_0046_genome_004_0,,group_0046_genome_006_0,group_0046_genome_007_0,,group_0046_genome_009_0,group_0046_genome_010_0,group_0046_genome_011_0,,,,group_0046_genome_015_0,,,,group_0046_genome_019_0,group_0046_genome_020_0,,group_0046_genome_022_0,,group_0046_genome_024_0,,group_0046_genome_026_0,group_0046_genome_027_0,group_0046_genome_028_0,,group_0046_genome_030_0
group_0047,group_0047,membrane transporter,,,,,,,,,,,,,,,,,,,,,,,,,,,,group_0047_genome_017_0,,,,,,group_0047_genome_023_0,,,,,,,
group_0048,group_0048,,,,,,,,,,,,,,,group_0048_genome_003_0,,group_0048_genome_005_0,,,,,,,,,,,,,,,,group_0048_genome_021_0,,,,,,,group_0048_genome_028_0,,
group_0049,group_0049,beta-lactamase,,,,,,,,,,,,,,group_0049_genome_003_0,group_0049_genome_004_0,,group_0049_genome_006_0,,group_0049_genome_008_0,,group_0049_genome_010_0,group_0049_genome_011_0,group_0049_genome_012_0,group_0049_genome_013_0,,group_0049_genome_015_0,,,group_0049_genome_018_0,,group_0049_genome_020_0,,group_0049_genome_022_0,group_0049_genome_023_0,group_0049_genome_024_0,,,,,,group_0049_genome_030_0
group_0050,group_0050,flagellar protein,,,,,,,,,,,,group_0050_genome_001_0,,,group_0050_genome_004_0,group_0050_genome_005_0,group_0050_genome_006_0,,,group_0050_genome_009_0,group_0050_genome_010_0,,,,,group_0050_genome_015_0,group_0050_genome_016_0,group_0050_genome_017_0,group_0050_genome_018_0,group_0050_genome_019_0,,group_0050_genome_021_0,,group_0050_genome_023_0,group_0050_genome_024_0,,group_0050_genome_026_0,,,,group_0050_genome_030_0
group_0051,group_0051,flagellar protein,,,,,,,,,,,,group_0051_genome_001_0,group_0051_genome_002_0,group_0051_genome_003_0,group_0051_genome_004_0,group_0051_genome_005_0,group_0051_genome_006_0,group_0051_genome_007_0,group_0051_genome_008_0,group_0051_genome_009_0,group_0051_genome_010_0,group_0051_genome_011_0;group_0051_genome_011_1,group_0051_genome_012_0,group_0051_genome_013_0,group_0051_genome_014_0,group_0051_genome_015_0,group_0051_genome_016_0,group_0051_genome_017_0,group_0051_genome_018_0,group_0051_genome_019_0,group_0051_genome_020_0,group_0051_genome_021_0,group_0051_genome_022_0,group_0051_genome_023_0,group_0051_genome_024_0,group_0051_genome_025_0,group_0051_genome_026_0,group_0051_genome_027_0,group_0051_genome_028_0,group_0051_genome_029_0,group_0051_genome_030_0
group_0052,group_0052,beta-lactamase,,,,,,,,,,,,group_0052_genome_001_0,,,,,group_0052_genome_006_0,,,,,,,,,,,,group_0052_genome_018_0,,,,,,group_0052_genome_024_0,,,,,,
group_0053,group_0053,beta-lactamase,,,,,,,,,,,,,,group_0053_genome_003_0,,,,,,,,,,,group_0053_genome_014_0,,,,,,,,,,,,,,,,
group_0054,group_0054,efflux pump,,,,,,,,,,,,,group_0054_genome_002_0,group_0054_genome_003_0,group_0054_genome_004_0,,,group_0054_genome_007_0,group_0054_genome_008_0,group_0054_genome_009_0,group_0054_genome_010_0,group_0054_genome_011_0,group_0054_genome_012_0,group_0054_genome_013_0,group_0054_genome_014_0,,group_0054_genome_016_0;group_0054_genome_016_1,,,group_0054_genome_019_0,group_0054_genome_020_0,,group_0054_genome_022_0,,group_0054_genome_024_0,,group_0054_genome_026_0,,,group_0054_genome_029_0,group_0054_genome_030_0
group_0055,group_0055,virulence factor,,,,,,,,,,,,,group_0055_genome_002_0,,,,,,group_0055_genome_008_0,,,,,group_0055_genome_013_0,,,,,,,,,,,,,,,,,
group_0056,group_0056,flagellar protein,,,,,,,,,,,,group_0056_genome_001_0,group_0056_genome_002_0,group_0056_genome_003_0,group_0056_genome_004_0,group_0056_genome_005_0,group_0056_genome_006_0,group_0056_genome_007_0,group_0056_genome_008_0,,group_0056_genome_010_0,,group_0056_genome_012_0,group_0056_genome_013_0,group_0056_genome_014_0,group_0056_genome_015_0,group_0056_genome_016_0,group_0056_genome_017_0,group_0056_genome_018_0,group_0056_genome_019_0,group_0056_genome_020_0,group_0056_genome_021_0;group_0056_genome_021_1,group_0056_genome_022_0,group_0056_genome_023_0,group_0056_genome_024_0,group_0056_genome_025_0,group_0056_genome_026_0,group_0056_genome_027_0,group_0056_genome_028_0,group_0056_genome_029_0,group_0056_genome_030_0
group_0057,group_0057,efflux pump,,,,,,,,,,,,group_0057_genome_001_0,group_0057_genome_002_0,group_0057_genome_003_0,group_0057_genome_004_0,group_0057_genome_005_0,group_0057_genome_006_0,group_0057_genome_007_0,group_0057_genome_008_0,group_0057_genome_009_0,group_0057_genome_010_0,group_0057_genome_011_0,group_0057_genome_012_0,group_0057_genome_013_0,group_0057_genome_014_0,group_0057_genome_015_0,group_0057_genome_016_0,group_0057_genome_017_0,group_0057_genome_018_0,group_0057_genome_019_0,group_0057_genome_020_0,group_0057_genome_021_0;group_0057_genome_021_1,group_0057_genome_022_0,group_0057_genome_023_0,group_0057_genome_024_0,group_0057_genome_025_0,group_0057_genome_026_0,group_0057_genome_027_0,group_0057_genome_028_0,group_0057_genome_029_0,group_0057_genome_030_0
group_0058,group_0058,,,,,,,,,,,,,group_0058_genome_001_0,group_0058_genome_002_0,group_0058_genome_003_0,group_0058_genome_004_0,group_0058_genome_005_0,group_0058_genome_006_0,group_0058_genome_007_0,group_0058_genome_008_0,group_0058_genome_009_0,group_0058_genome_010_0,group_0058_genome_011_0,group_0058_genome_012_0,group_0058_genome_013_0,group_0058_genome_014_0,group_0058_genome_015_0,group_0058_genome_016_0,group_0058_genome_017_0,group_0058_genome_018_0,group_0058_genome_019_0,group_0058_genome_020_0,group_0058_genome_021_0,group_0058_genome_022_0,group_0058_genome_023_0,group_0058_genome_024_0,group_0058_genome_025_0,group_0058_genome_026_0,group_0058_genome_027_0,group_0058_genome_028_0,group_0058_genome_029_0,group_0058_genome_030_0
group_0059,group_0059,efflux pump,,,,,,,,,,,,,group_0059_genome_002_0,group_0059_genome_003_0,group_0059_genome_004_0,,,,group_0059_genome_008_0,group_0059_genome_009_0,,group_0059_genome_011_0,group_0059_genome_012_0,,group_0059_genome_014_0,group_0059_genome_015_0,group_0059_genome_016_0,group_0059_genome_017_0,group_0059_genome_018_0,group_0059_genome_019_0,group_0059_genome_020_0,group_0059_genome_021_0,,group_0059_genome_023_0,group_0059_genome_024_0,group_0059_genome_025_0,group_0059_genome_026_0,group_0059_genome_027_0,group_0059_genome_028_0,group_0059_genome_029_0,
group_0060,group_0060,efflux pump,,,,,,,,,,,,,,,,,,,,,group_0060_genome_010_0,,,,group_0060_genome_014_0,,,,,,group_0060_genome_020_0,,,,,,,,,,
group_0061,group_0061,DNA polymerase,,,,,,,,,,,,,group_0061_genome_002_0,,group_0061_genome_004_0,group_0061_genome_005_0,group_0061_genome_006_0,group_0061_genome_007_0,group_0061_genome_008_0,group_0061_genome_009_0,group_0061_genome_010_0,group_0061_genome_011_0,group_0061_genome_012_0,group_0061_genome_013_0,group_0061_genome_014_0,group_0061_genome_015_0,,group_0061_genome_017_0,group_0061_genome_018_0,group_0061_genome_019_0,group_0061_genome_020_0,group_0061_genome_021_0,group_0061_genome_022_0;group_0061_genome_022_1,group_0061_genome_023_0,,group_0061_genome_025_0,group_0061_genome_026_0,,group_0061_genome_028_0,,
group_0062,group_0062,,,,,,,,,,,,,,,group_0062_genome_003_0,,,,,,,,,,,,,,,,,,,,,,group_0062_genome_025_0,,,,,
group_0063,group_0063,DNA polymerase,,,,,,,,,,,,group_0063_genome_001_0,group_0063_genome_002_0,group_0063_genome_003_0,group_0063_genome_004_0,group_0063_genome_005_0,group_0063_genome_006_0,group_0063_genome_007_0,group_0063_genome_008_0,group_0063_genome_009_0,group_0063_genome_010_0,group_0063_genome_011_0,group_0063_genome_012_0,group_0063_genome_013_0,group_0063_genome_014_0,group_0063_genome_015_0,group_0063_genome_016_0,group_0063_genome_017_0,group_0063_genome_018_0,group_0063_genome_019_0,group_0063_genome_020_0,group_0063_genome_021_0,group_0063_genome_022_0,group_0063_genome_023_0,group_0063_genome_024_0,group_0063_genome_025_0,group_0063_genome_026_0,group_0063_genome_027_0,group_0063_genome_028_0,group_0063_genome_029_0,
group_0064,group_0064,membrane transporter,,,,,,,,,,,,group_0064_genome_001_0,group_0064_genome_002_0,group_0064_genome_003_0,group_0064_genome_004_0,group_0064_genome_005_0,group_0064_genome_006_0,group_0064_genome_007_0,group_0064_genome_008_0,group_0064_genome_009_0,group_0064_genome_010_0,group_0064_genome_011_0,group_0064_genome_012_0,group_0064_genome_013_0,group_0064_genome_014_0,group_0064_genome_015_0,group_0064_genome_016_0,group_0064_genome_017_0,group_0064_genome_018_0,group_0064_genome_019_0,group_0064_genome_020_0,group_0064_genome_021_0,group_0064_genome_022_0,group_0064_genome_023_0,,group_0064_genome_025_0,group_0064_genome_026_0,group_0064_genome_027_0,group_0064_genome_028_0,group_0064_genome_029_0,group_0064_genome_030_0
group_0065,group_0065,hypothetical protein,,,,,,,,,,,,group_0065_genome_001_0,group_0065_genome_002_0,group_0065_genome_003_0,group_0065_genome_004_0,group_0065_genome_005_0,group_0065_genome_006_0,group_0065_genome_007_0,group_0065_genome_008_0,group_0065_genome_009_0,group_0065_genome_010_0,group_0065_genome_011_0,group_0065_genome_012_0,group_0065_genome_013_0,group_0065_genome_014_0,group_0065_genome_015_0,group_0065_genome_016_0,group_0065_genome_017_0,,group_0065_genome_019_0,group_0065_genome_020_0,group_0065_genome_021_0,group_0065_genome_022_0,group_0065_genome_023_0,group_0065_genome_024_0,group_0065_genome_025_0,group_0065_genome_026_0,group_0065_genome_027_0,group_0065_genome_028_0,,group_0065_genome_030_0
group_0066,group_0066,hypothetical protein,,,,,,,,,,,,,,,,,,,group_0066_genome_008_0,,,,,,,,,,,,,,,,,,,,,,
group_0067,group_0067,,,,,,,,,,,,,,,,,group_0067_genome_005_0,,,,,,,group_0067_genome_012_0,,,,,,,,,,,,,,,,,,
group_0068,group_0068,beta-lactamase,,,,,,,,,,,,group_0068_genome_001_0,group_0068_genome_002_0,group_0068_genome_003_0,group_0068_genome_004_0,group_0068_genome_005_0,group_0068_genome_006_0,group_0068_genome_007_0,group_0068_genome_008_0,group_0068_genome_009_0,group_0068_genome_010_0,group_0068_genome_011_0;group_0068_genome_011_1,group_0068_genome_012_0,group_0068_genome_013_0,group_0068_genome_014_0,group_0068_genome_015_0,group_0068_genome_016_0,group_0068_genome_017_0,group_0068_genome_018_0,group_0068_genome_019_0,group_0068_genome_020_0,group_0068_genome_021_0,group_0068_genome_022_0,group_0068_genome_023_0;group_0068_genome_023_1,group_0068_genome_024_0,group_0068_genome_025_0,group_0068_genome_026_0,group_0068_genome_027_0,group_0068_genome_028_0,group_0068_genome_029_0,group_0068_genome_030_0
group_0069,group_0069,virulence factor,,,,,,,,,,,,group_0069_genome_001_0,group_0069_genome_002_0,group_0069_genome_003_0,group_0069_genome_004_0,group_0069_genome_005_0,group_0069_genome_006_0,group_0069_genome_007_0;group_0069_genome_007_1,group_0069_genome_008_0,group_0069_genome_009_0,group_0069_genome_010_0,group_0069_genome_011_0,group_0069_genome_012_0,group_0069_genome_013_0,group_0069_genome_014_0,group_0069_genome_015_0,group_0069_genome_016_0,group_0069_genome_017_0,group_0069_genome_018_0,group_0069_genome_019_0,group_0069_genome_020_0,group_0069_genome_021_0,group_0069_genome_022_0,group_0069_genome_023_0,group_0069_genome_024_0,group_0069_genome_025_0,group_0069_genome_026_0,group_0069_genome_027_0,group_0069_genome_028_0,group_0069_genome_029_0,group_0069_genome_030_0
group_0070,group_0070,virulence factor,,,,,,,,,,,,,group_0070_genome_002_0,group_0070_genome_003_0;group_0070_genome_003_1,group_0070_genome_004_0,group_0070_genome_005_0,group_0070_genome_006_0,,,group_0070_genome_009_0,,group_0070_genome_011_0,group_0070_genome_012_0,,,group_0070_genome_015_0,,group_0070_genome_017_0,,,,group_0070_genome_021_0,group_0070_genome_022_0,,,group_0070_genome_025_0,group_0070_genome_026_0,,group_0070_genome_028_0,,
group_0071,group_0071,membrane transporter,,,,,,,,,,,,,,,,,,,,,,,,,,,,,,,,,group_0071_genome_022_0,,,,,,,,
group_0072,group_0072,hypothetical protein,,,,,,,,,,,,,group_0072_genome_002_0,group_0072_genome_003_0,,,group_0072_genome_006_0,,,group_0072_genome_009_0,,,group_0072_genome_012_0,group_0072_genome_013_0,,group_0072_genome_015_0,,group_0072_genome_017_0,group_0072_genome_018_0,,group_0072_genome_020_0,,group_0072_genome_022_0,group_0072_genome_023_0,,group_0072_genome_025_0,group_0072_genome_026_0,,group_0072_genome_028_0,group_0072_genome_029_0,group_0072_genome_030_0
group_0073,group_0073,efflux pump,,,,,,,,,,,,group_0073_genome_001_0,group_0073_genome_002_0,group_0073_genome_003_0,group_0073_genome_004_0;group_0073_genome_004_1,group_0073_genome_005_0,group_0073_genome_006_0,group_0073_genome_007_0,group_0073_genome_008_0,group_0073_genome_009_0,group_0073_genome_010_0,group_0073_genome_011_0,group_0073_genome_012_0,group_0073_genome_013_0,group_0073_genome_014_0,group_0073_genome_015_0,group_0073_genome_016_0,group_0073_genome_017_0,group_0073_genome_018_0,group_0073_genome_019_0,group_0073_genome_020_0,group_0073_genome_021_0,group_0073_genome_022_0,group_0073_genome_023_0,group_0073_genome_024_0,group_0073_genome_025_0,group_0073_genome_026_0;group_0073_genome_026_1,group_0073_genome_027_0,group_0073_genome_028_0,group_0073_genome_029_0,group_0073_genome_030_0
group_0074,group_0074,membrane transporter,,,,,,,,,,,,group_0074_genome_001_0,group_0074_genome_002_0,group_0074_genome_003_0,group_0074_genome_004_0,group_0074_genome_005_0,group_0074_genome_006_0,group_0074_genome_007_0,group_0074_genome_008_0,group_0074_genome_009_0,group_0074_genome_010_0,group_0074_genome_011_0,group_0074_genome_012_0,group_0074_genome_013_0,group_0074_genome_014_0,group_0074_genome_015_0,group_0074_genome_016_0,group_0074_genome_017_0,group_0074_genome_018_0,group_0074_genome_019_0,group_0074_genome_020_0,group_0074_genome_021_0,group_0074_genome_022_0,group_0074_genome_023_0,group_0074_genome_024_0,group_0074_genome_025_0,group_0074_genome_026_0,group_0074_genome_027_0,group_0074_genome_028_0,group_0074_genome_029_0,group_0074_genome_030_0
group_0075,group_0075,virulence factor,,,,,,,,,,,,,group_0075_genome_002_0,,,,,,,,,,,,,group_0075_genome_015_0,,,,,,,,,,,,,group_0075_genome_028_0,,
group_0076,group_0076,flagellar protein,,,,,,,,,,,,group_0076_genome_001_0,group_0076_genome_002_0,group_0076_genome_003_0,,group_0076_genome_005_0,group_0076_genome_006_0,group_0076_genome_007_0,group_0076_genome_008_0,group_0076_genome_009_0,group_0076_genome_010_0,group_0076_genome_011_0,group_0076_genome_012_0,group_0076_genome_013_0,group_0076_genome_014_0,group_0076_genome_015_0,group_0076_genome_016_0,group_0076_genome_017_0,group_0076_genome_018_0,group_0076_genome_019_0,group_0076_genome_020_0,group_0076_genome_021_0,group_0076_genome_022_0,group_0076_genome_023_0,group_0076_genome_024_0;group_0076_genome_024_1,group_0076_genome_025_0,group_0076_genome_026_0,group_0076_genome_027_0,group_0076_genome_028_0,group_0076_genome_029_0,group_0076_genome_030_0
group_0077,group_0077,beta-lactamase,,,,,,,,,,,,,,,,,,,,,,,,,,,,,,group_0077_genome_019_0,,group_0077_genome_021_0,,,,,,,,,
group_0078,group_0078,efflux pump,,,,,,,,,,,,group_0078_genome_001_0,group_0078_genome_002_0;group_0078_genome_002_1,group_0078_genome_003_0,group_0078_genome_004_0,group_0078_genome_005_0,group_0078_genome_006_0,group_0078_genome_007_0,group_0078_genome_008_0,group_0078_genome_009_0,group_0078_genome_010_0,group_0078_genome_011_0,group_0078_genome_012_0,group_0078_genome_013_0,group_0078_genome_014_0;group_0078_genome_014_1,group_0078_genome_015_0;group_0078_genome_015_1,group_0078_genome_016_0,group_0078_genome_017_0,group_0078_genome_018_0,group_0078_genome_019_0,group_0078_genome_020_0,group_0078_genome_021_0,group_0078_genome_022_0,group_0078_genome_023_0,group_0078_genome_024_0,group_0078_genome_025_0,group_0078_genome_026_0,group_0078_genome_027_0,group_0078_genome_028_0,group_0078_genome_029_0,group_0078_genome_030_0
group_0079,group_0079,hypothetical protein,,,,,,,,,,,,group_0079_genome_001_0,group_0079_genome_002_0,group_0079_genome_003_0,group_0079_genome_004_0,group_0079_genome_005_0,group_0079_genome_006_0,group_0079_genome_007_0,group_0079_genome_008_0,group_0079_genome_009_0,group_0079_genome_010_0,group_0079_genome_011_0,group_0079_genome_012_0,group_0079_genome_013_0,group_0079_genome_014_0,group_0079_genome_015_0,group_0079_genome_016_0,group_0079_genome_017_0,group_0079_genome_018_0,group_0079_genome_019_0,,group_0079_genome_021_0,group_0079_genome_022_0,group_0079_genome_023_0,group_0079_genome_024_0,group_0079_genome_025_0,group_0079_genome_026_0,group_0079_genome_027_0,group_0079_genome_028_0,group_0079_genome_029_0,group_0079_genome_030_0;group_0079_genome_030_1
group_0080,group_0080,hypothetical protein,,,,,,,,,,,,group_0080_genome_001_0,group_0080_genome_002_0,group_0080_genome_003_0,group_0080_genome_004_0,group_0080_genome_005_0,group_0080_genome_006_0,group_0080_genome_007_0,group_0080_genome_008_0,group_0080_genome_009_0,group_0080_genome_010_0,group_0080_genome_011_0,,group_0080_genome_013_0,group_0080_genome_014_0,group_0080_genome_015_0;group_0080_genome_015_1,group_0080_genome_016_0,group_0080_genome_017_0,group_0080_genome_018_0,group_0080_genome_019_0,group_0080_genome_020_0,group_0080_genome_021_0,group_0080_genome_022_0,group_0080_genome_023_0,group_0080_genome_024_0,group_0080_genome_025_0,group_0080_genome_026_0,group_0080_genome_027_0,group_0080_genome_028_0,group_0080_genome_029_0,group_0080_genome_030_0
group_0081,group_0081,beta-lactamase,,,,,,,,,,,,,,,,,,,,,,,,,,,group_0081_genome_016_0,,,,,,,group_0081_genome_023_0,,,,,,,
group_0082,group_0082,membrane transporter,,,,,,,,,,,,group_0082_genome_001_0,group_0082_genome_002_0,group_0082_genome_003_0,group_0082_genome_004_0,group_0082_genome_005_0,group_0082_genome_006_0,group_0082_genome_007_0,group_0082_genome_008_0,group_0082_genome_009_0,group_0082_genome_010_0,group_0082_genome_011_0,group_0082_genome_012_0,group_0082_genome_013_0,group_0082_genome_014_0,group_0082_genome_015_0,group_0082_genome_016_0,group_0082_genome_017_0,group_0082_genome_018_0,group_0082_genome_019_0,group_0082_genome_020_0,group_0082_genome_021_0;group_0082_genome_021_1,group_0082_genome_022_0,group_0082_genome_023_0,group_0082_genome_024_0,group_0082_genome_025_0,group_0082_genome_026_0,group_0082_genome_027_0,group_0082_genome_028_0,group_0082_genome_029_0,group_0082_genome_030_0
group_0083,group_0083,membrane transporter,,,,,,,,,,,,group_0083_genome_001_0,group_0083_genome_002_0,group_0083_genome_003_0,group_0083_genome_004_0,group_0083_genome_005_0,group_0083_genome_006_0,group_0083_genome_007_0,group_0083_genome_008_0,group_0083_genome_009_0,group_0083_genome_010_0,group_0083_genome_011_0,group_0083_genome_012_0,group_0083_genome_013_0,group_0083_genome_014_0,group_0083_genome_015_0,group_0083_genome_016_0,group_0083_genome_017_0,group_0083_genome_018_0,group_0083_genome_019_0,group_0083_genome_020_0,group_0083_genome_021_0,group_0083_genome_022_0,group_0083_genome_023_0,group_0083_genome_024_0,group_0083_genome_025_0,group_0083_genome_026_0,group_0083_genome_027_0,group_0083_genome_028_0,group_0083_genome_029_0,group_0083_genome_030_0
group_0084,group_0084,DNA polymerase,,,,,,,,,,,,,,,,,,group_0084_genome_007_0,,,,,,,,,,,,,,,,,,,,,,group_0084_genome_029_0,
group_0085,group_0085,DNA polymerase,,,,,,,,,,,,group_0085_genome_001_0,group_0085_genome_002_0,group_0085_genome_003_0,group_0085_genome_004_0,group_0085_genome_005_0,group_0085_genome_006_0;group_0085_genome_006_1,group_0085_genome_007_0,group_0085_genome_008_0,group_0085_genome_009_0,group_0085_genome_010_0,group_0085_genome_011_0,group_0085_genome_012_0,group_0085_genome_013_0,group_0085_genome_014_0,group_0085_genome_015_0,group_0085_genome_016_0,group_0085_genome_017_0,group_0085_genome_018_0,group_0085_genome_019_0,group_0085_genome_020_0,group_0085_genome_021_0,group_0085_genome_022_0,group_0085_genome_023_0,group_0085_genome_024_0,group_0085_genome_025_0,group_0085_genome_026_0,group_0085_genome_027_0,group_0085_genome_028_0,group_0085_genome_029_0,group_0085_genome_030_0
group_0086,group_0086,flagellar protein,,,,,,,,,,,,group_0086_genome_001_0,,group_0086_genome_003_0,group_0086_genome_004_0,group_0086_genome_005_0,group_0086_genome_006_0,group_0086_genome_007_0,group_0086_genome_008_0,group_0086_genome_009_0,group_0086_genome_010_0,group_0086_genome_011_0,group_0086_genome_012_0,group_0086_genome_013_0,group_0086_genome_014_0,group_0086_genome_015_0,group_0086_genome_016_0,group_0086_genome_017_0,group_0086_genome_018_0;group_0086_genome_018_1,group_0086_genome_019_0,group_0086_genome_020_0,group_0086_genome_021_0,group_0086_genome_022_0,group_0086_genome_023_0,group_0086_genome_024_0,group_0086_genome_025_0,group_0086_genome_026_0,group_0086_genome_027_0,group_0086_genome_028_0,group_0086_genome_029_0,group_0086_genome_030_0
group_0087,group_0087,beta-lactamase,,,,,,,,,,,,group_0087_genome_001_0,group_0087_genome_002_0,,,group_0087_genome_005_0,,group_0087_genome_007_0,group_0087_genome_008_0,group_0087_genome_009_0,group_0087_genome_010_0,group_0087_genome_011_0,group_0087_genome_012_0,group_0087_genome_013_0,group_0087_genome_014_0,,group_0087_genome_016_0,group_0087_genome_017_0,group_0087_genome_018_0,,,,group_0087_genome_022_0,group_0087_genome_023_0,,,,group_0087_genome_027_0,group_0087_genome_028_0,,group_0087_genome_030_0
group_0088,group_0088,efflux pump,,,,,,,,,,,,group_0088_genome_001_0,group_0088_genome_002_0,group_0088_genome_003_0,group_0088_genome_004_0,group_0088_genome_005_0,group_0088_genome_006_0,group_0088_genome_007_0,group_0088_genome_008_0,group_0088_genome_009_0,group_0088_genome_010_0,group_0088_genome_011_0,group_0088_genome_012_0,,group_0088_genome_014_0,group_0088_genome_015_0,group_0088_genome_016_0,group_0088_genome_017_0,group_0088_genome_018_0,group_0088_genome_019_0,group_0088_genome_020_0;group_0088_genome_020_1,group_0088_genome_021_0,group_0088_genome_022_0,group_0088_genome_023_0;group_0088_genome_023_1,,group_0088_genome_025_0,group_0088_genome_026_0,group_0088_genome_027_0,group_0088_genome_028_0,group_0088_genome_029_0,group_0088_genome_030_0
group_0089,group_0089,DNA polymerase,,,,,,,,,,,,group_0089_genome_001_0,group_0089_genome_002_0,group_0089_genome_003_0,group_0089_genome_004_0,group_0089_genome_005_0,group_0089_genome_006_0,group_0089_genome_007_0,group_0089_genome_008_0,group_0089_genome_009_0,group_0089_genome_010_0,group_0089_genome_011_0,group_0089_genome_012_0,group_0089_genome_013_0,group_0089_genome_014_0,group_0089_genome_015_0;group_0089_genome_015_1,group_0089_genome_016_0,group_0089_genome_017_0,group_0089_genome_018_0,group_0089_genome_019_0,group_0089_genome_020_0,group_0089_genome_021_0,group_0089_genome_022_0,group_0089_genome_023_0,group_0089_genome_024_0,group_0089_genome_025_0,group_0089_genome_026_0,group_0089_genome_027_0,group_0089_genome_028_0,group_0089_genome_029_0,group_0089_genome_030_0
group_0090,group_0090,flagellar protein,,,,,,,,,,,,,group_0090_genome_002_0,group_0090_genome_003_0,,group_0090_genome_005_0,group_0090_genome_006_0,group_0090_genome_007_0,,,group_0090_genome_010_0,,,,group_0090_genome_014_0,group_0090_genome_015_0,group_0090_genome_016_0,group_0090_genome_017_0,group_0090_genome_018_0,group_0090_genome_019_0,group_0090_genome_020_0,,group_0090_genome_022_0,group_0090_genome_023_0,group_0090_genome_024_0,,group_0090_genome_026_0,,,,group_0090_genome_030_0
group_0091,group_0091,beta-lactamase,,,,,,,,,,,,group_0091_genome_001_0,group_0091_genome_002_0,group_0091_genome_003_0,group_0091_genome_004_0,group_0091_genome_005_0,group_0091_genome_006_0,group_0091_genome_007_0,group_0091_genome_008_0,group_0091_genome_009_0,group_0091_genome_010_0,group_0091_genome_011_0,group_0091_genome_012_0,group_0091_genome_013_0,group_0091_genome_014_0,group_0091_genome_015_0,group_0091_genome_016_0;group_0091_genome_016_1,group_0091_genome_017_0,group_0091_genome_018_0,,group_0091_genome_020_0,group_0091_genome_021_0,,,group_0091_genome_024_0,group_0091_genome_025_0,group_0091_genome_026_0,group_0091_genome_027_0,group_0091_genome_028_0,group_0091_genome_029_0,group_0091_genome_030_0
group_0092,group_0092,DNA polymerase,,,,,,,,,,,,,,,,,,,,,,,,,,,,,,,,,,,,,,,,,
group_0093,group_0093,DNA polymerase,,,,,,,,,,,,group_0093_genome_001_0,group_0093_genome_002_0,group_0093_genome_003_0,group_0093_genome_004_0,group_0093_genome_005_0;group_0093_genome_005_1,group_0093_genome_006_0,group_0093_genome_007_0,group_0093_genome_008_0,group_0093_genome_009_0,group_0093_genome_010_0,group_0093_genome_011_0,group_0093_genome_012_0,group_0093_genome_013_0,group_0093_genome_014_0,group_0093_genome_015_0,group_0093_genome_016_0,group_0093_genome_017_0,group_0093_genome_018_0,group_0093_genome_019_0,group_0093_genome_020_0,group_0093_genome_021_0,group_0093_genome_022_0,group_0093_genome_023_0,group_0093_genome_024_0,group_0093_genome_025_0,group_0093_genome_026_0,group_0093_genome_027_0,,group_0093_genome_029_0,group_0093_genome_030_0
group_0094,group_0094,flagellar protein,,,,,,,,,,,,group_0094_genome_001_0,group_0094_genome_002_0,group_0094_genome_003_0,group_0094_genome_004_0,group_0094_genome_005_0,group_0094_genome_006_0,group_0094_genome_007_0,group_0094_genome_008_0,group_0094_genome_009_0,group_0094_genome_010_0,group_0094_genome_011_0,group_0094_genome_012_0,group_0094_genome_013_0,group_0094_genome_014_0,group_0094_genome_015_0,group_0094_genome_016_0,group_0094_genome_017_0,group_0094_genome_018_0,group_0094_genome_019_0,group_0094_genome_020_0,group_0094_genome_021_0,group_0094_genome_022_0,group_0094_genome_023_0,group_0094_genome_024_0,group_0094_genome_025_0,group_0094_genome_026_0,group_0094_genome_027_0,group_0094_genome_028_0,group_0094_genome_029_0,group_0094_genome_030_0
group_0095,group_0095,beta-lactamase,,,,,,,,,,,,group_0095_genome_001_0,,group_0095_genome_003_0,,group_0095_genome_005_0,group_0095_genome_006_0,,group_0095_genome_008_0,group_0095_genome_009_0,group_0095_genome_010_0,group_0095_genome_011_0,group_0095_genome_012_0,group_0095_genome_013_0,group_0095_genome_014_0,,,group_0095_genome_017_0,,,group_0095_genome_020_0,,group_0095_genome_022_0,,,,group_0095_genome_026_0,group_0095_genome_027_0,group_0095_genome_028_0,group_0095_genome_029_0,group_0095_genome_030_0
group_0096,group_0096,efflux pump,,,,,,,,,,,,group_0096_genome_001_0,,group_0096_genome_003_0,group_0096_genome_004_0,,group_0096_genome_006_0,group_0096_genome_007_0,group_0096_genome_008_0,group_0096_genome_009_0,group_0096_genome_010_0,group_0096_genome_011_0;group_0096_genome_011_1,group_0096_genome_012_0,group_0096_genome_013_0,,group_0096_genome_015_0,group_0096_genome_016_0,group_0096_genome_017_0,group_0096_genome_018_0,group_0096_genome_019_0,group_0096_genome_020_0;group_0096_genome_020_1,group_0096_genome_021_0,group_0096_genome_022_0,group_0096_genome_023_0,group_0096_genome_024_0,group_0096_genome_025_0,group_0096_genome_026_0,group_0096_genome_027_0,group_0096_genome_028_0,group_0096_genome_029_0,group_0096_genome_030_0
group_0097,group_0097,DNA polymerase,,,,,,,,,,,,,group_0097_genome_002_0;group_0097_genome_002_1,group_0097_genome_003_0,,,group_0097_genome_006_0,,group_0097_genome_008_0,group_0097_genome_009_0,,group_0097_genome_011_0,,group_0097_genome_013_0,,group_0097_genome_015_0,,group_0097_genome_017_0,group_0097_genome_018_0,group_0097_genome_019_0,group_0097_genome_020_0,group_0097_genome_021_0,,,group_0097_genome_024_0,group_0097_genome_025_0,group_0097_genome_026_0,,group_0097_genome_028_0,group_0097_genome_029_0,group_0097_genome_030_0
group_0098,group_0098,virulence factor,,,,,,,,,,,,group_0098_genome_001_0;group_0098_genome_001_1,,,group_0098_genome_004_0,group_0098_genome_005_0,group_0098_genome_006_0,group_0098_genome_007_0,group_0098_genome_008_0,group_0098_genome_009_0,group_0098_genome_010_0,group_0098_genome_011_0,group_0098_genome_012_0,group_0098_genome_013_0,group_0098_genome_014_0,group_0098_genome_015_0,group_0098_genome_016_0,group_0098_genome_017_0,group_0098_genome_018_0,group_0098_genome_019_0,group_0098_genome_020_0,,group_0098_genome_022_0,group_0098_genome_023_0,group_0098_genome_024_0,,,,group_0098_genome_028_0,,
group_0099,group_0099,efflux pump,,,,,,,,,,,,,,,,,,,,,,,,,,,,,,,,,group_0099_genome_022_0,,,,,,,,
group_0100,group_0100,efflux pump,,,,,,,,,,,,group_0100_genome_001_0,group_0100_genome_002_0,group_0100_genome_003_0,group_0100_genome_004_0,group_0100_genome_005_0,group_0100_genome_006_0,group_0100_genome_007_0,group_0100_genome_008_0,group_0100_genome_009_0,group_0100_genome_010_0,group_0100_genome_011_0,group_0100_genome_012_0,group_0100_genome_013_0,group_0100_genome_014_0,group_0100_genome_015_0,group_0100_genome_016_0,group_0100_genome_017_0,group_0100_genome_018_0,group_0100_genome_019_0,group_0100_genome_020_0,group_0100_genome_021_0,group_0100_genome_022_0,group_0100_genome_023_0,group_0100_genome_024_0,group_0100_genome_025_0,group_0100_genome_026_0,group_0100_genome_027_0,,group_0100_genome_029_0,group_0100_genome_030_0
group_0101,group_0101,virulence factor,,,,,,,,,,,,,group_0101_genome_002_0,,group_0101_genome_004_0,,,,group_0101_genome_008_0,,,,,,,,,,,,,,,,group_0101_genome_024_0,,,,,,
group_0102,group_0102,virulence factor,,,,,,,,,,,,,,,,,,,,,,group_0102_genome_011_0,,,,,,group_0102_genome_017_0,,,,,,,,,,,,,
group_0103,group_0103,flagellar protein,,,,,,,,,,,,group_0103_genome_001_0,group_0103_genome_002_0,group_0103_genome_003_0,group_0103_genome_004_0,group_0103_genome_005_0,group_0103_genome_006_0,group_0103_genome_007_0,group_0103_genome_008_0,group_0103_genome_009_0,group_0103_genome_010_0,group_0103_genome_011_0,group_0103_genome_012_0,group_0103_genome_013_0,,group_0103_genome_015_0,group_0103_genome_016_0,group_0103_genome_017_0,group_0103_genome_018_0,group_0103_genome_019_0,group_0103_genome_020_0,group_0103_genome_021_0,group_0103_genome_022_0,group_0103_genome_023_0,group_0103_genome_024_0,group_0103_genome_025_0,group_0103_genome_026_0,group_0103_genome_027_0,group_0103_genome_028_0,,group_0103_genome_030_0
group_0104,group_0104,,,,,,,,,,,,,group_0104_genome_001_0,,group_0104_genome_003_0,,group_0104_genome_005_0,group_0104_genome_006_0,,,group_0104_genome_009_0,group_0104_genome_010_0,group_0104_genome_011_0,group_0104_genome_012_0,group_0104_genome_013_0,group_0104_genome_014_0,group_0104_genome_015_0,group_0104_genome_016_0,,,group_0104_genome_019_0,,group_0104_genome_021_0,group_0104_genome_022_0,group_0104_genome_023_0,,group_0104_genome_025_0,,group_0104_genome_027_0;group_0104_genome_027_1,group_0104_genome_028_0,group_0104_genome_029_0,
group_0105,group_0105,membrane transporter,,,,,,,,,,,,group_0105_genome_001_0,group_0105_genome_002_0,group_0105_genome_003_0,group_0105_genome_004_0,group_0105_genome_005_0,group_0105_genome_006_0,group_0105_genome_007_0,group_0105_genome_008_0,group_0105_genome_009_0,group_0105_genome_010_0,group_0105_genome_011_0,group_0105_genome_012_0,group_0105_genome_013_0,group_0105_genome_014_0,group_0105_genome_015_0,group_0105_genome_016_0,group_0105_genome_017_0,group_0105_genome_018_0,group_0105_genome_019_0,group_0105_genome_020_0,group_0105_genome_021_0,group_0105_genome_022_0,group_0105_genome_023_0,group_0105_genome_024_0,group_0105_genome_025_0,group_0105_genome_026_0,group_0105_genome_027_0,group_0105_genome_028_0,group_0105_genome_029_0,group_0105_genome_030_0
group_0106,group_0106,membrane transporter,,,,,,,,,,,,,,,,,,,,,group_0106_genome_010_0,,,,,,,,,,,,,,,,,,group_0106_genome_028_0,,
group_0107,group_0107,efflux pump,,,,,,,,,,,,group_0107_genome_001_0,,,group_0107_genome_004_0,,group_0107_genome_006_0,group_0107_genome_007_0,group_0107_genome_008_0,,group_0107_genome_010_0,group_0107_genome_011_0,,group_0107_genome_013_0,,,group_0107_genome_016_0,,group_0107_genome_018_0,,group_0107_genome_020_0,,group_0107_genome_022_0,group_0107_genome_023_0,group_0107_genome_024_0,group_0107_genome_025_0,,group_0107_genome_027_0,group_0107_genome_028_0,group_0107_genome_029_0,
group_0108,group_0108,flagellar protein,,,,,,,,,,,,group_0108_genome_001_0,group_0108_genome_002_0,group_0108_genome_003_0,group_0108_genome_004_0,group_0108_genome_005_0,group_0108_genome_006_0,group_0108_genome_007_0,group_0108_genome_008_0,group_0108_genome_009_0,group_0108_genome_010_0,group_0108_genome_011_0,group_0108_genome_012_0,group_0108_genome_013_0,group_0108_genome_014_0,group_0108_genome_015_0,group_0108_genome_016_0,group_0108_genome_017_0,group_0108_genome_018_0,group_0108_genome_019_0,group_0108_genome_020_0,group_0108_genome_021_0,group_0108_genome_022_0,group_0108_genome_023_0,group_0108_genome_024_0,group_0108_genome_025_0,group_0108_genome_026_0,,,group_0108_genome_029_0,
group_0109,group_0109,flagellar protein,,,,,,,,,,,,group_0109_genome_001_0,group_0109_genome_002_0,group_0109_genome_003_0,group_0109_genome_004_0,group_0109_genome_005_0,group_0109_genome_006_0,group_0109_genome_007_0,group_0109_genome_008_0,group_0109_genome_009_0,group_0109_genome_010_0,group_0109_genome_011_0;group_0109_genome_011_1,group_0109_genome_012_0,group_0109_genome_013_0,group_0109_genome_014_0,group_0109_genome_015_0,group_0109_genome_016_0,group_0109_genome_017_0,group_0109_genome_018_0,group_0109_genome_019_0,group_0109_genome_020_0,group_0109_genome_021_0,group_0109_genome_022_0,group_0109_genome_023_0,group_0109_genome_024_0,group_0109_genome_025_0,group_0109_genome_026_0,group_0109_genome_027_0,group_0109_genome_028_0,group_0109_genome_029_0,group_0109_genome_030_0
group_0110,group_0110,hypothetical protein,,,,,,,,,,,,group_0110_genome_001_0,group_0110_genome_002_0,,group_0110_genome_004_0,group_0110_genome_005_0;group_0110_genome_005_1,group_0110_genome_006_0,group_0110_genome_007_0,group_0110_genome_008_0,,,,group_0110_genome_012_0,,,group_0110_genome_015_0,group_0110_genome_016_0,,group_0110_genome_018_0,group_0110_genome_019_0,,group_0110_genome_021_0,group_0110_genome_022_0,,group_0110_genome_024_0,group_0110_genome_025_0,group_0110_genome_026_0,,group_0110_genome_028_0,,group_0110_genome_030_0
group_0111,group_0111,,,,,,,,,,,,,group_0111_genome_001_0,group_0111_genome_002_0,group_0111_genome_003_0,,,,group_0111_genome_007_0,,,group_0111_genome_010_0,group_0111_genome_011_0,group_0111_genome_012_0,group_0111_genome_013_0,group_0111_genome_014_0,,,group_0111_genome_017_0,group_0111_genome_018_0,group_0111_genome_019_0,,,,,,,group_0111_genome_026_0,group_0111_genome_027_0,group_0111_genome_028_0,group_0111_genome_029_0,
group_0112,group_0112,,,,,,,,,,,,,,group_0112_genome_002_0,,,,,,group_0112_genome_008_0,group_0112_genome_009_0,,group_0112_genome_011_0,group_0112_genome_012_0,,group_0112_genome_014_0,group_0112_genome_015_0,group_0112_genome_016_0,group_0112_genome_017_0,group_0112_genome_018_0,,group_0112_genome_020_0,,group_0112_genome_022_0,,group_0112_genome_024_0,,group_0112_genome_026_0,,,group_0112_genome_029_0,group_0112_genome_030_0
group_0113,group_0113,hypothetical protein,,,,,,,,,,,,,,,,,,,,,,,,,,,,,,,,,,,,,,,,,
group_0114,group_0114,beta-lactamase,,,,,,,,,,,,group_0114_genome_001_0,group_0114_genome_002_0,group_0114_genome_003_0,,group_0114_genome_005_0,group_0114_genome_006_0,group_0114_genome_007_0,group_0114_genome_008_0,group_0114_genome_009_0,group_0114_genome_010_0,group_0114_genome_011_0,group_0114_genome_012_0,group_0114_genome_013_0,group_0114_genome_014_0,group_0114_genome_015_0,group_0114_genome_016_0,group_0114_genome_017_0,group_0114_genome_018_0;group_0114_genome_018_1,group_0114_genome_019_0,group_0114_genome_020_0,group_0114_genome_021_0,group_0114_genome_022_0,group_0114_genome_023_0,group_0114_genome_024_0,group_0114_genome_025_0,group_0114_genome_026_0,group_0114_genome_027_0,group_0114_genome_028_0,group_0114_genome_029_0,
group_0115,group_0115,,,,,,,,,,,,,group_0115_genome_001_0,group_0115_genome_002_0,group_0115_genome_003_0,group_0115_genome_004_0,group_0115_genome_005_0,,group_0115_genome_007_0,group_0115_genome_008_0,group_0115_genome_009_0,group_0115_genome_010_0,group_0115_genome_011_0,group_0115_genome_012_0,group_0115_genome_013_0,group_0115_genome_014_0,group_0115_genome_015_0,group_0115_genome_016_0,group_0115_genome_017_0;group_0115_genome_017_1,group_0115_genome_018_0,group_0115_genome_019_0,group_0115_genome_020_0,group_0115_genome_021_0,group_0115_genome_022_0,group_0115_genome_023_0,,group_0115_genome_025_0,group_0115_genome_026_0,group_0115_genome_027_0,group_0115_genome_028_0,group_0115_genome_029_0,group_0115_genome_030_0
group_0116,group_0116,hypothetical protein,,,,,,,,,,,,group_0116_genome_001_0,,group_0116_genome_003_0,group_0116_genome_004_0,,group_0116_genome_006_0,,group_0116_genome_008_0,,,group_0116_genome_011_0,group_0116_genome_012_0,,,group_0116_genome_015_0,group_0116_genome_016_0,group_0116_genome_017_0,group_0116_genome_018_0,,group_0116_genome_020_0,group_0116_genome_021_0,group_0116_genome_022_0,,group_0116_genome_024_0,,,,,,group_0116_genome_030_0
group_0117,group_0117,efflux pump,,,,,,,,,,,,,,,,,,,,,,group_0117_genome_011_0,,,,,,,group_0117_genome_018_0,,group_0117_genome_020_0,,group_0117_genome_022_0,,,group_0117_genome_025_0,,group_0117_genome_027_0,,,
group_0118,group_0118,flagellar protein,,,,,,,,,,,,group_0118_genome_001_0,group_0118_genome_002_0,,group_0118_genome_004_0,group_0118_genome_005_0,,,group_0118_genome_008_0,,,group_0118_genome_011_0,,group_0118_genome_013_0,group_0118_genome_014_0,,,,group_0118_genome_018_0,group_0118_genome_019_0,group_0118_genome_020_0,,group_0118_genome_022_0,group_0118_genome_023_0,group_0118_genome_024_0,group_0118_genome_025_0,group_0118_genome_026_0,,group_0118_genome_028_0,group_0118_genome_029_0,
group_0119,group_0119,,,,,,,,,,,,,group_0119_genome_001_0,group_0119_genome_002_0,group_0119_genome_003_0,group_0119_genome_004_0,group_0119_genome_005_0,group_0119_genome_006_0,group_0119_genome_007_0,group_0119_genome_008_0,group_0119_genome_009_0,group_0119_genome_010_0,group_0119_genome_011_0,group_0119_genome_012_0,group_0119_genome_013_0,group_0119_genome_014_0,group_0119_genome_015_0,group_0119_genome_016_0,group_0119_genome_017_0,group_0119_genome_018_0,group_0119_genome_019_0,,group_0119_genome_021_0,group_0119_genome_022_0,group_0119_genome_023_0,group_0119_genome_024_0;group_0119_genome_024_1,group_0119_genome_025_0,group_0119_genome_026_0;group_0119_genome_026_1,group_0119_genome_027_0,group_0119_genome_028_0,group_0119_genome_029_0,group_0119_genome_030_0
group_0120,group_0120,,,,,,,,,,,,,,,,,,,,,group_0120_genome_009_0,,,,,,group_0120_genome_015_0,,,,,,,,,,,,,,,
group_0121,group_0121,virulence factor,,,,,,,,,,,,group_0121_genome_001_0,group_0121_genome_002_0,group_0121_genome_003_0,group_0121_genome_004_0,group_0121_genome_005_0,group_0121_genome_006_0,group_0121_genome_007_0,group_0121_genome_008_0,group_0121_genome_009_0,group_0121_genome_010_0,group_0121_genome_011_0,group_0121_genome_012_0,group_0121_genome_013_0,group_0121_genome_014_0,group_0121_genome_015_0,group_0121_genome_016_0,group_0121_genome_017_0,group_0121_genome_018_0,group_0121_genome_019_0,group_0121_genome_020_0,group_0121_genome_021_0,group_0121_genome_022_0,group_0121_genome_023_0,group_0121_genome_024_0,group_0121_genome_025_0,,group_0121_genome_027_0,group_0121_genome_028_0,group_0121_genome_029_0,group_0121_genome_030_0
group_0122,group_0122,efflux pump,,,,,,,,,,,,group_0122_genome_001_0,group_0122_genome_002_0,group_0122_genome_003_0,group_0122_genome_004_0,,group_0122_genome_006_0,,group_0122_genome_008_0,group_0122_genome_009_0,,group_0122_genome_011_0,,group_0122_genome_013_0,group_0122_genome_014_0,,,group_0122_genome_017_0,,,,,,group_0122_genome_023_0,group_0122_genome_024_0,,,,group_0122_genome_028_0,,
group_0123,group_0123,virulence factor,,,,,,,,,,,,group_0123_genome_001_0,group_0123_genome_002_0,group_0123_genome_003_0,group_0123_genome_004_0,group_0123_genome_005_0,,group_0123_genome_007_0,group_0123_genome_008_0,group_0123_genome_009_0,group_0123_genome_010_0,group_0123_genome_011_0,group_0123_genome_012_0,group_0123_genome_013_0,group_0123_genome_014_0,group_0123_genome_015_0,group_0123_genome_016_0,group_0123_genome_017_0,group_0123_genome_018_0,group_0123_genome_019_0,group_0123_genome_020_0,group_0123_genome_021_0,group_0123_genome_022_0,group_0123_genome_023_0,group_0123_genome_024_0,group_0123_genome_025_0,group_0123_genome_026_0,group_0123_genome_027_0,group_0123_genome_028_0,group_0123_genome_029_0,group_0123_genome_030_0
group_0124,group_0124,beta-lactamase,,,,,,,,,,,,group_0124_genome_001_0,group_0124_genome_002_0,group_0124_genome_003_0,group_0124_genome_004_0,group_0124_genome_005_0,group_0124_genome_006_0;group_0124_genome_006_1,group_0124_genome_007_0,group_0124_genome_008_0,group_0124_genome_009_0,group_0124_genome_010_0,group_0124_genome_011_0,group_0124_genome_012_0,group_0124_genome_013_0,group_0124_genome_014_0,group_0124_genome_015_0,group_0124_genome_016_0,group_0124_genome_017_0,group_0124_genome_018_0,group_0124_genome_019_0,group_0124_genome_020_0,group_0124_genome_021_0,group_0124_genome_022_0,group_0124_genome_023_0,group_0124_genome_024_0,group_0124_genome_025_0,group_0124_genome_026_0,group_0124_genome_027_0,group_0124_genome_028_0,group_0124_genome_029_0,group_0124_genome_030_0
group_0125,group_0125,,,,,,,,,,,,,,,group_0125_genome_003_0,,group_0125_genome_005_0,group_0125_genome_006_0,group_0125_genome_007_0,,,,group_0125_genome_011_0,group_0125_genome_012_0,group_0125_genome_013_0,group_0125_genome_014_0,group_0125_genome_015_0,group_0125_genome_016_0,group_0125_genome_017_0,group_0125_genome_018_0,group_0125_genome_019_0;group_0125_genome_019_1,group_0125_genome_020_0,,group_0125_genome_022_0,group_0125_genome_023_0,,group_0125_genome_025_0,,group_0125_genome_027_0,group_0125_genome_028_0,group_0125_genome_029_0,
group_0126,group_0126,,,,,,,,,,,,,,,,,,,,,,,,,,,,,group_0126_genome_017_0,,,,,,,,,,,,,
group_0127,group_0127,DNA polymerase,,,,,,,,,,,,group_0127_genome_001_0,group_0127_genome_002_0,group_0127_genome_003_0,group_0127_genome_004_0,group_0127_genome_005_0,group_0127_genome_006_0,group_0127_genome_007_0,group_0127_genome_008_0,group_0127_genome_009_0,group_0127_genome_010_0,group_0127_genome_011_0,group_0127_genome_012_0,group_0127_genome_013_0,group_0127_genome_014_0,,group_0127_genome_016_0,group_0127_genome_017_0,group_0127_genome_018_0,group_0127_genome_019_0,group_0127_genome_020_0,group_0127_genome_021_0,group_0127_genome_022_0,group_0127_genome_023_0,group_0127_genome_024_0,group_0127_genome_025_0,group_0127_genome_026_0,group_0127_genome_027_0,group_0127_genome_028_0,group_0127_genome_029_0,group_0127_genome_030_0
group_0128,group_0128,,,,,,,,,,,,,group_0128_genome_001_0,group_0128_genome_002_0,group_0128_genome_003_0,group_0128_genome_004_0,group_0128_genome_005_0,group_0128_genome_006_0,,group_0128_genome_008_0,group_0128_genome_009_0,group_0128_genome_010_0,group_0128_genome_011_0,group_0128_genome_012_0,group_0128_genome_013_0,group_0128_genome_014_0,group_0128_genome_015_0;group_0128_genome_015_1,group_0128_genome_016_0,group_0128_genome_017_0,group_0128_genome_018_0,group_0128_genome_019_0,group_0128_genome_020_0,group_0128_genome_021_0,group_0128_genome_022_0,group_0128_genome_023_0,group_0128_genome_024_0,group_0128_genome_025_0,group_0128_genome_026_0,group_0128_genome_027_0,group_0128_genome_028_0,group_0128_genome_029_0;group_0128_genome_029_1,group_0128_genome_030_0
group_0129,group_0129,virulence factor,,,,,,,,,,,,group_0129_genome_001_0,group_0129_genome_002_0,group_0129_genome_003_0,group_0129_genome_004_0,group_0129_genome_005_0,group_0129_genome_006_0,group_0129_genome_007_0,group_0129_genome_008_0,group_0129_genome_009_0,group_0129_genome_010_0,group_0129_genome_011_0,group_0129_genome_012_0,group_0129_genome_013_0,group_0129_genome_014_0,group_0129_genome_015_0,group_0129_genome_016_0,group_0129_genome_017_0,group_0129_genome_018_0,group_0129_genome_019_0,group_0129_genome_020_0,group_0129_genome_021_0,group_0129_genome_022_0,group_0129_genome_023_0,group_0129_genome_024_0,group_0129_genome_025_0,group_0129_genome_026_0,group_0129_genome_027_0,group_0129_genome_028_0,group_0129_genome_029_0,group_0129_genome_030_0
group_0130,group_0130,DNA polymerase,,,,,,,,,,,,group_0130_genome_001_0,group_0130_genome_002_0,group_0130_genome_003_0,group_0130_genome_004_0,group_0130_genome_005_0,group_0130_genome_006_0,group_0130_genome_007_0;group_0130_genome_007_1,group_0130_genome_008_0;group_0130_genome_008_1,group_0130_genome_009_0,group_0130_genome_010_0,group_0130_genome_011_0,group_0130_genome_012_0,group_0130_genome_013_0,group_0130_genome_014_0,group_0130_genome_015_0,group_0130_genome_016_0,group_0130_genome_017_0,group_0130_genome_018_0;group_0130_genome_018_1,group_0130_genome_019_0,group_0130_genome_020_0,group_0130_genome_021_0,group_0130_genome_022_0,group_0130_genome_023_0,group_0130_genome_024_0,group_0130_genome_025_0,group_0130_genome_026_0;group_0130_genome_026_1,group_0130_genome_027_0,group_0130_genome_028_0,group_0130_genome_029_0,group_0130_genome_030_0
group_0131,group_0131,virulence factor,,,,,,,,,,,,,,,,,,,,,,,,,,,,group_0131_genome_017_0,,,,,,,group_0131_genome_024_0,,,,,,
group_0132,group_0132,,,,,,,,,,,,,group_0132_genome_001_0,group_0132_genome_002_0,group_0132_genome_003_0,group_0132_genome_004_0,group_0132_genome_005_0,group_0132_genome_006_0,group_0132_genome_007_0,group_0132_genome_008_0,group_0132_genome_009_0,,group_0132_genome_011_0,group_0132_genome_012_0;group_0132_genome_012_1,group_0132_genome_013_0,group_0132_genome_014_0,group_0132_genome_015_0,group_0132_genome_016_0,group_0132_genome_017_0,group_0132_genome_018_0,group_0132_genome_019_0,group_0132_genome_020_0,group_0132_genome_021_0,group_0132_genome_022_0,group_0132_genome_023_0,group_0132_genome_024_0,group_0132_genome_025_0,group_0132_genome_026_0,group_0132_genome_027_0,group_0132_genome_028_0,group_0132_genome_029_0,group_0132_genome_030_0
group_0133,group_0133,membrane transporter,,,,,,,,,,,,group_0133_genome_001_0,group_0133_genome_002_0,group_0133_genome_003_0,group_0133_genome_004_0,group_0133_genome_005_0,group_0133_genome_006_0,group_0133_genome_007_0,group_0133_genome_008_0,group_0133_genome_009_0,group_0133_genome_010_0,group_0133_genome_011_0,group_0133_genome_012_0,group_0133_genome_013_0,group_0133_genome_014_0,group_0133_genome_015_0,group_0133_genome_016_0,group_0133_genome_017_0,group_0133_genome_018_0,group_0133_genome_019_0,group_0133_genome_020_0,group_0133_genome_021_0,group_0133_genome_022_0,group_0133_genome_023_0,group_0133_genome_024_0,group_0133_genome_025_0,group_0133_genome_026_0,group_0133_genome_027_0,group_0133_genome_028_0,group_0133_genome_029_0,group_0133_genome_030_0
group_0134,group_0134,hypothetical protein,,,,,,,,,,,,group_0134_genome_001_0,group_0134_genome_002_0,,,,,group_0134_genome_007_0,group_0134_genome_008_0,group_0134_genome_009_0,,group_0134_genome_011_0,group_0134_genome_012_0,group_0134_genome_013_0,,group_0134_genome_015_0;group_0134_genome_015_1,,group_0134_genome_017_0,,,,group_0134_genome_021_0,group_0134_genome_022_0,group_0134_genome_023_0,,group_0134_genome_025_0,,group_0134_genome_027_0,,,group_0134_genome_030_0
group_0135,group_0135,flagellar protein,,,,,,,,,,,,group_0135_genome_001_0,group_0135_genome_002_0,group_0135_genome_003_0,group_0135_genome_004_0,group_0135_genome_005_0,group_0135_genome_006_0,group_0135_genome_007_0,group_0135_genome_008_0,group_0135_genome_009_0,group_0135_genome_010_0,group_0135_genome_011_0,group_0135_genome_012_0,group_0135_genome_013_0,group_0135_genome_014_0,group_0135_genome_015_0,,group_0135_genome_017_0,group_0135_genome_018_0,group_0135_genome_019_0,group_0135_genome_020_0,group_0135_genome_021_0,group_0135_genome_022_0,group_0135_genome_023_0,group_0135_genome_024_0,group_0135_genome_025_0,group_0135_genome_026_0,group_0135_genome_027_0,group_0135_genome_028_0,group_0135_genome_029_0,group_0135_genome_030_0
group_0136,group_0136,DNA polymerase,,,,,,,,,,,,,,,,,,,,,,,,,,,,,,,,,,,,,,,,,
group_0137,group_0137,efflux pump,,,,,,,,,,,,,,,,,,,,,,group_0137_genome_011_0,,,,,,,group_0137_genome_018_0,,,,,,,,group_0137_genome_026_0,group_0137_genome_027_0,,,
group_0138,group_0138,DNA polymerase,,,,,,,,,,,,,group_0138_genome_002_0,group_0138_genome_003_0,group_0138_genome_004_0,group_0138_genome_005_0,group_0138_genome_006_0,group_0138_genome_007_0,group_0138_genome_008_0,group_0138_genome_009_0,group_0138_genome_010_0,group_0138_genome_011_0,group_0138_genome_012_0,group_0138_genome_013_0,group_0138_genome_014_0,group_0138_genome_015_0,group_0138_genome_016_0;group_0138_genome_016_1,group_0138_genome_017_0,group_0138_genome_018_0,group_0138_genome_019_0,group_0138_genome_020_0,group_0138_genome_021_0,group_0138_genome_022_0,group_0138_genome_023_0,group_0138_genome_024_0,group_0138_genome_025_0,group_0138_genome_026_0,group_0138_genome_027_0,group_0138_genome_028_0,group_0138_genome_029_0,group_0138_genome_030_0
group_0139,group_0139,,,,,,,,,,,,,group_0139_genome_001_0,,group_0139_genome_003_0,group_0139_genome_004_0,group_0139_genome_005_0,group_0139_genome_006_0,group_0139_genome_007_0,group_0139_genome_008_0,group_0139_genome_009_0,group_0139_genome_010_0,group_0139_genome_011_0,group_0139_genome_012_0,group_0139_genome_013_0,group_0139_genome_014_0,group_0139_genome_015_0,group_0139_genome_016_0,group_0139_genome_017_0,group_0139_genome_018_0;group_0139_genome_018_1,group_0139_genome_019_0,group_0139_genome_020_0,group_0139_genome_021_0,group_0139_genome_022_0,group_0139_genome_023_0,group_0139_genome_024_0,group_0139_genome_025_0,,group_0139_genome_027_0,group_0139_genome_028_0,group_0139_genome_029_0,group_0139_genome_030_0
group_0140,group_0140,flagellar protein,,,,,,,,,,,,group_0140_genome_001_0;group_0140_genome_001_1,group_0140_genome_002_0,group_0140_genome_003_0,group_0140_genome_004_0,group_0140_genome_005_0,group_0140_genome_006_0,group_0140_genome_007_0,group_0140_genome_008_0,group_0140_genome_009_0,group_0140_genome_010_0,group_0140_genome_011_0,group_0140_genome_012_0,group_0140_genome_013_0,group_0140_genome_014_0,group_0140_genome_015_0,group_0140_genome_016_0,group_0140_genome_017_0,group_0140_genome_018_0,group_0140_genome_019_0,group_0140_genome_020_0,group_0140_genome_021_0,group_0140_genome_022_0,group_0140_genome_023_0,group_0140_genome_024_0,group_0140_genome_025_0,group_0140_genome_026_0,group_0140_genome_027_0,group_0140_genome_028_0,group_0140_genome_029_0,group_0140_genome_030_0
group_0141,group_0141,beta-lactamase,,,,,,,,,,,,group_0141_genome_001_0,group_0141_genome_002_0,group_0141_genome_003_0,group_0141_genome_004_0,group_0141_genome_005_0,group_0141_genome_006_0,group_0141_genome_007_0,group_0141_genome_008_0,group_0141_genome_009_0,group_0141_genome_010_0,group_0141_genome_011_0,group_0141_genome_012_0,group_0141_genome_013_0,group_0141_genome_014_0,group_0141_genome_015_0,group_0141_genome_016_0,group_0141_genome_017_0,group_0141_genome_018_0,group_0141_genome_019_0,group_0141_genome_020_0,group_0141_genome_021_0,group_0141_genome_022_0,group_0141_genome_023_0,group_0141_genome_024_0,group_0141_genome_025_0,group_0141_genome_026_0,group_0141_genome_027_0,group_0141_genome_028_0,group_0141_genome_029_0,group_0141_genome_030_0;group_0141_genome_030_1
group_0142,group_0142,membrane transporter,,,,,,,,,,,,group_0142_genome_001_0;group_0142_genome_001_1,,group_0142_genome_003_0,,group_0142_genome_005_0,group_0142_genome_006_0,,group_0142_genome_008_0,group_0142_genome_009_0,group_0142_genome_010_0,,group_0142_genome_012_0,group_0142_genome_013_0,group_0142_genome_014_0,group_0142_genome_015_0,group_0142_genome_016_0,group_0142_genome_017_0,,group_0142_genome_019_0,group_0142_genome_020_0,,group_0142_genome_022_0,group_0142_genome_023_0,,group_0142_genome_025_0,,group_0142_genome_027_0,group_0142_genome_028_0,group_0142_genome_029_0,
group_0143,group_0143,,,,,,,,,,,,,group_0143_genome_001_0,group_0143_genome_002_0,group_0143_genome_003_0,group_0143_genome_004_0,group_0143_genome_005_0,group_0143_genome_006_0,group_0143_genome_007_0,group_0143_genome_008_0,group_0143_genome_009_0,group_0143_genome_010_0,group_0143_genome_011_0;group_0143_genome_011_1,group_0143_genome_012_0,group_0143_genome_013_0,group_0143_genome_014_0,group_0143_genome_015_0;group_0143_genome_015_1,group_0143_genome_016_0,group_0143_genome_017_0,group_0143_genome_018_0,group_0143_genome_019_0,group_0143_genome_020_0,group_0143_genome_021_0,group_0143_genome_022_0,,group_0143_genome_024_0,group_0143_genome_025_0,group_0143_genome_026_0,group_0143_genome_027_0,group_0143_genome_028_0,,group_0143_genome_030_0
group_0144,group_0144,flagellar protein,,,,,,,,,,,,,,,,,,,,,,,,,,,,,,,,,,,,,,,,,
group_0145,group_0145,flagellar protein,,,,,,,,,,,,group_0145_genome_001_0,group_0145_genome_002_0,group_0145_genome_003_0,group_0145_genome_004_0,group_0145_genome_005_0,group_0145_genome_006_0,group_0145_genome_007_0,group_0145_genome_008_0,group_0145_genome_009_0,group_0145_genome_010_0,group_0145_genome_011_0,group_0145_genome_012_0,group_0145_genome_013_0,group_0145_genome_014_0,group_0145_genome_015_0,group_0145_genome_016_0,group_0145_genome_017_0,group_0145_genome_018_0,group_0145_genome_019_0,group_0145_genome_020_0,group_0145_genome_021_0,group_0145_genome_022_0,group_0145_genome_023_0,group_0145_genome_024_0,group_0145_genome_025_0,,group_0145_genome_027_0,group_0145_genome_028_0;group_0145_genome_028_1,group_0145_genome_029_0,group_0145_genome_030_0
group_0146,group_0146,flagellar protein,,,,,,,,,,,,group_0146_genome_001_0,group_0146_genome_002_0,group_0146_genome_003_0,group_0146_genome_004_0,group_0146_genome_005_0,group_0146_genome_006_0,group_0146_genome_007_0,group_0146_genome_008_0,group_0146_genome_009_0,group_0146_genome_010_0;group_0146_genome_010_1,group_0146_genome_011_0,group_0146_genome_012_0,group_0146_genome_013_0,group_0146_genome_014_0,group_0146_genome_015_0;group_0146_genome_015_1,group_0146_genome_016_0,group_0146_genome_017_0,group_0146_genome_018_0,group_0146_genome_019_0,group_0146_genome_020_0,group_0146_genome_021_0,group_0146_genome_022_0,group_0146_genome_023_0,group_0146_genome_024_0,group_0146_genome_025_0,group_0146_genome_026_0,group_0146_genome_027_0,group_0146_genome_028_0,group_0146_genome_029_0,group_0146_genome_030_0
group_0147,group_0147,efflux pump,,,,,,,,,,,,group_0147_genome_001_0;group_0147_genome_001_1,group_0147_genome_002_0,group_0147_genome_003_0,group_0147_genome_004_0,group_0147_genome_005_0,group_0147_genome_006_0,group_0147_genome_007_0,group_0147_genome_008_0,group_0147_genome_009_0,group_0147_genome_010_0,group_0147_genome_011_0,group_0147_genome_012_0,group_0147_genome_013_0,group_0147_genome_014_0,group_0147_genome_015_0,group_0147_genome_016_0,group_0147_genome_017_0,group_0147_genome_018_0,group_0147_genome_019_0,group_0147_genome_020_0,group_0147_genome_021_0,group_0147_genome_022_0,group_0147_genome_023_0,group_0147_genome_024_0,group_0147_genome_025_0,group_0147_genome_026_0,group_0147_genome_027_0,group_0147_genome_028_0,group_0147_genome_029_0,group_0147_genome_030_0
group_0148,group_0148,,,,,,,,,,,,,group_0148_genome_001_0,group_0148_genome_002_0,group_0148_genome_003_0,group_0148_genome_004_0,group_0148_genome_005_0,group_0148_genome_006_0,group_0148_genome_007_0,group_0148_genome_008_0,group_0148_genome_009_0,group_0148_genome_010_0,group_0148_genome_011_0,group_0148_genome_012_0,group_0148_genome_013_0,group_0148_genome_014_0,group_0148_genome_015_0,group_0148_genome_016_0,group_0148_genome_017_0,group_0148_genome_018_0,group_0148_genome_019_0,group_0148_genome_020_0,group_0148_genome_021_0,group_0148_genome_022_0,group_0148_genome_023_0,group_0148_genome_024_0,group_0148_genome_025_0,group_0148_genome_026_0,group_0148_genome_027_0,group_0148_genome_028_0,group_0148_genome_029_0,group_0148_genome_030_0
group_0149,group_0149,flagellar protein,,,,,,,,,,,,group_0149_genome_001_0,group_0149_genome_002_0,group_0149_genome_003_0,group_0149_genome_004_0,group_0149_genome_005_0,group_0149_genome_006_0,group_0149_genome_007_0,group_0149_genome_008_0,group_0149_genome_009_0,group_0149_genome_010_0,group_0149_genome_011_0,group_0149_genome_012_0,group_0149_genome_013_0,group_0149_genome_014_0,group_0149_genome_015_0,group_0149_genome_016_0,group_0149_genome_017_0,group_0149_genome_018_0,group_0149_genome_019_0,,group_0149_genome_021_0,group_0149_genome_022_0,,group_0149_genome_024_0,,group_0149_genome_026_0,group_0149_genome_027_0,group_0149_genome_028_0,group_0149_genome_029_0,group_0149_genome_030_0
group_0150,group_0150,virulence factor,,,,,,,,,,,,,group_0150_genome_002_0,group_0150_genome_003_0;group_0150_genome_003_1,,group_0150_genome_005_0,group_0150_genome_006_0,group_0150_genome_007_0,group_0150_genome_008_0,group_0150_genome_009_0,group_0150_genome_010_0,,group_0150_genome_012_0,group_0150_genome_013_0,,group_0150_genome_015_0,group_0150_genome_016_0,,group_0150_genome_018_0,group_0150_genome_019_0,group_0150_genome_020_0,,,,group_0150_genome_024_0,group_0150_genome_025_0,,group_0150_genome_027_0,,group_0150_genome_029_0,
group_0151,group_0151,hypothetical protein,,,,,,,,,,,,group_0151_genome_001_0,group_0151_genome_002_0,group_0151_genome_003_0,group_0151_genome_004_0,group_0151_genome_005_0,group_0151_genome_006_0,group_0151_genome_007_0,group_0151_genome_008_0,group_0151_genome_009_0,group_0151_genome_010_0,group_0151_genome_011_0,group_0151_genome_012_0,group_0151_genome_013_0,group_0151_genome_014_0,group_0151_genome_015_0,group_0151_genome_016_0,group_0151_genome_017_0,group_0151_genome_018_0,group_0151_genome_019_0,group_0151_genome_020_0,group_0151_genome_021_0,group_0151_genome_022_0,group_0151_genome_023_0,group_0151_genome_024_0,group_0151_genome_025_0,,group_0151_genome_027_0,group_0151_genome_028_0,group_0151_genome_029_0,group_0151_genome_030_0
group_0152,group_0152,hypothetical protein,,,,,,,,,,,,group_0152_genome_001_0,group_0152_genome_002_0,group_0152_genome_003_0,group_0152_genome_004_0,group_0152_genome_005_0,group_0152_genome_006_0,group_0152_genome_007_0,group_0152_genome_008_0,group_0152_genome_009_0,group_0152_genome_010_0,group_0152_genome_011_0,group_0152_genome_012_0,group_0152_genome_013_0;group_0152_genome_013_1,group_0152_genome_014_0,group_0152_genome_015_0,group_0152_genome_016_0,group_0152_genome_017_0,group_0152_genome_018_0,group_0152_genome_019_0,group_0152_genome_020_0,group_0152_genome_021_0,group_0152_genome_022_0,group_0152_genome_023_0,group_0152_genome_024_0,group_0152_genome_025_0,group_0152_genome_026_0,group_0152_genome_027_0,,group_0152_genome_029_0;group_0152_genome_029_1,group_0152_genome_030_0
group_0153,group_0153,virulence factor,,,,,,,,,,,,,group_0153_genome_002_0,,group_0153_genome_004_0,,group_0153_genome_006_0,group_0153_genome_007_0,group_0153_genome_008_0,group_0153_genome_009_0,group_0153_genome_010_0,,,group_0153_genome_013_0,group_0153_genome_014_0,group_0153_genome_015_0,group_0153_genome_016_0,group_0153_genome_017_0,,group_0153_genome_019_0,,group_0153_genome_021_0,group_0153_genome_022_0,,,,group_0153_genome_026_0,group_0153_genome_027_0,,,
group_0154,group_0154,membrane transporter,,,,,,,,,,,,group_0154_genome_001_0,group_0154_genome_002_0,group_0154_genome_003_0,,,,group_0154_genome_007_0,,group_0154_genome_009_0,,group_0154_genome_011_0,,group_0154_genome_013_0,group_0154_genome_014_0,,,group_0154_genome_017_0,group_0154_genome_018_0,group_0154_genome_019_0,,group_0154_genome_021_0,group_0154_genome_022_0,,,,,,,group_0154_genome_029_0,group_0154_genome_030_0
group_0155,group_0155,beta-lactamase,,,,,,,,,,,,group_0155_genome_001_0,group_0155_genome_002_0,group_0155_genome_003_0,group_0155_genome_004_0,group_0155_genome_005_0,group_0155_genome_006_0,group_0155_genome_007_0,group_0155_genome_008_0,group_0155_genome_009_0,group_0155_genome_010_0,group_0155_genome_011_0,group_0155_genome_012_0,group_0155_genome_013_0,group_0155_genome_014_0,group_0155_genome_015_0,group_0155_genome_016_0,group_0155_genome_017_0,group_0155_genome_018_0,group_0155_genome_019_0,group_0155_genome_020_0,group_0155_genome_021_0,group_0155_genome_022_0,group_0155_genome_023_0,group_0155_genome_024_0,group_0155_genome_025_0,group_0155_genome_026_0,group_0155_genome_027_0,group_0155_genome_028_0;group_0155_genome_028_1,group_0155_genome_029_0,group_0155_genome_030_0
group_0156,group_0156,membrane transporter,,,,,,,,,,,,,,,,,,group_0156_genome_007_0,,,,,,,,,,,group_0156_genome_018_0,,,,,,,,,,group_0156_genome_028_0,,
group_0157,group_0157,flagellar protein,,,,,,,,,,,,group_0157_genome_001_0,group_0157_genome_002_0,group_0157_genome_003_0,,,,group_0157_genome_007_0,,,,group_0157_genome_011_0,group_0157_genome_012_0,group_0157_genome_013_0,group_0157_genome_014_0,,group_0157_genome_016_0,,,group_0157_genome_019_0,group_0157_genome_020_0,group_0157_genome_021_0,group_0157_genome_022_0,,group_0157_genome_024_0,group_0157_genome_025_0,,group_0157_genome_027_0,group_0157_genome_028_0,,group_0157_genome_030_0
group_0158,group_0158,hypothetical protein,,,,,,,,,,,,,,,,,,,,,,,,,,,,,,,,,,group_0158_genome_023_0,,,,,,,
group_0159,group_0159,efflux pump,,,,,,,,,,,,,,,,,,group_0159_genome_007_0,,,,group_0159_genome_011_0,,,,,,,,,,,,,,,,,,,
group_0160,group_0160,hypothetical protein,,,,,,,,,,,,group_0160_genome_001_0,group_0160_genome_002_0,group_0160_genome_003_0,group_0160_genome_004_0,group_0160_genome_005_0,group_0160_genome_006_0,group_0160_genome_007_0,group_0160_genome_008_0,group_0160_genome_009_0,group_0160_genome_010_0,group_0160_genome_011_0,group_0160_genome_012_0,group_0160_genome_013_0,group_0160_genome_014_0,group_0160_genome_015_0,group_0160_genome_016_0,group_0160_genome_017_0,group_0160_genome_018_0,group_0160_genome_019_0,group_0160_genome_020_0,group_0160_genome_021_0,group_0160_genome_022_0,group_0160_genome_023_0,group_0160_genome_024_0,group_0160_genome_025_0,group_0160_genome_026_0,group_0160_genome_027_0,group_0160_genome_028_0,group_0160_genome_029_0,group_0160_genome_030_0
group_0161,group_0161,DNA polymerase,,,,,,,,,,,,group_0161_genome_001_0,group_0161_genome_002_0,group_0161_genome_003_0,group_0161_genome_004_0,group_0161_genome_005_0;group_0161_genome_005_1,group_0161_genome_006_0,group_0161_genome_007_0,group_0161_genome_008_0,group_0161_genome_009_0,group_0161_genome_010_0,group_0161_genome_011_0,group_0161_genome_012_0,group_0161_genome_013_0,group_0161_genome_014_0,group_0161_genome_015_0,group_0161_genome_016_0,group_0161_genome_017_0,group_0161_genome_018_0,group_0161_genome_019_0;group_0161_genome_019_1,group_0161_genome_020_0,group_0161_genome_021_0,group_0161_genome_022_0,group_0161_genome_023_0,group_0161_genome_024_0,group_0161_genome_025_0,group_0161_genome_026_0,group_0161_genome_027_0,group_0161_genome_028_0,group_0161_genome_029_0,group_0161_genome_030_0
group_0162,group_0162,efflux pump,,,,,,,,,,,,,,,group_0162_genome_004_0,,,group_0162_genome_007_0,,,,,,,,,,,,,,,,,,,,,,,
group_0163,group_0163,beta-lactamase,,,,,,,,,,,,,,,group_0163_genome_004_0,group_0163_genome_005_0,group_0163_genome_006_0,group_0163_genome_007_0,group_0163_genome_008_0,,group_0163_genome_010_0,,group_0163_genome_012_0,group_0163_genome_013_0,,group_0163_genome_015_0,group_0163_genome_016_0,,,group_0163_genome_019_0,,group_0163_genome_021_0,,group_0163_genome_023_0,group_0163_genome_024_0,group_0163_genome_025_0,group_0163_genome_026_0,group_0163_genome_027_0,group_0163_genome_028_0,group_0163_genome_029_0,
group_0164,group_0164,flagellar protein,,,,,,,,,,,,group_0164_genome_001_0,group_0164_genome_002_0,group_0164_genome_003_0,group_0164_genome_004_0,group_0164_genome_005_0,group_0164_genome_006_0,group_0164_genome_007_0,group_0164_genome_008_0,group_0164_genome_009_0,group_0164_genome_010_0,group_0164_genome_011_0,,group_0164_genome_013_0,group_0164_genome_014_0,group_0164_genome_015_0,group_0164_genome_016_0,group_0164_genome_017_0,group_0164_genome_018_0,group_0164_genome_019_0,group_0164_genome_020_0,group_0164_genome_021_0,group_0164_genome_022_0,group_0164_genome_023_0,group_0164_genome_024_0,group_0164_genome_025_0,group_0164_genome_026_0,group_0164_genome_027_0,group_0164_genome_028_0,group_0164_genome_029_0,group_0164_genome_030_0
group_0165,group_0165,,,,,,,,,,,,,,,group_0165_genome_003_0,,group_0165_genome_005_0,group_0165_genome_006_0,group_0165_genome_007_0,,group_0165_genome_009_0,group_0165_genome_010_0,group_0165_genome_011_0,,group_0165_genome_013_0,group_0165_genome_014_0,,group_0165_genome_016_0,group_0165_genome_017_0,group_0165_genome_018_0,group_0165_genome_019_0,group_0165_genome_020_0,group_0165_genome_021_0,,group_0165_genome_023_0,,group_0165_genome_025_0,group_0165_genome_026_0;group_0165_genome_026_1,group_0165_genome_027_0,group_0165_genome_028_0,group_0165_genome_029_0,group_0165_genome_030_0
group_0166,group_0166,DNA polymerase,,,,,,,,,,,,group_0166_genome_001_0,group_0166_genome_002_0,group_0166_genome_003_0,group_0166_genome_004_0,group_0166_genome_005_0,group_0166_genome_006_0,group_0166_genome_007_0,group_0166_genome_008_0,group_0166_genome_009_0,group_0166_genome_010_0,group_0166_genome_011_0,group_0166_genome_012_0,group_0166_genome_013_0,group_0166_genome_014_0,group_0166_genome_015_0,group_0166_genome_016_0,group_0166_genome_017_0,group_0166_genome_018_0,group_0166_genome_019_0,group_0166_genome_020_0,group_0166_genome_021_0,group_0166_genome_022_0,group_0166_genome_023_0,,group_0166_genome_025_0,group_0166_genome_026_0,group_0166_genome_027_0,group_0166_genome_028_0,group_0166_genome_029_0,group_0166_genome_030_0
group_0167,group_0167,,,,,,,,,,,,,,group_0167_genome_002_0,group_0167_genome_003_0,group_0167_genome_004_0,group_0167_genome_005_0,,,group_0167_genome_008_0,,group_0167_genome_010_0,,group_0167_genome_012_0,,,,group_0167_genome_016_0,,group_0167_genome_018_0,,group_0167_genome_020_0,,group_0167_genome_022_0,,group_0167_genome_024_0,group_0167_genome_025_0,,,group_0167_genome_028_0,,
group_0168,group_0168,DNA polymerase,,,,,,,,,,,,,,,,,,,,,,,,,,,,,,,,,group_0168_genome_022_0,,,,group_0168_genome_026_0,,,,
group_0169,group_0169,hypothetical protein,,,,,,,,,,,,,,group_0169_genome_003_0;group_0169_genome_003_1,,,,group_0169_genome_007_0,group_0169_genome_008_0,,group_0169_genome_010_0,,group_0169_genome_012_0,group_0169_genome_013_0,group_0169_genome_014_0,group_0169_genome_015_0,group_0169_genome_016_0,group_0169_genome_017_0,,,group_0169_genome_020_0,group_0169_genome_021_0,group_0169_genome_022_0,group_0169_genome_023_0,group_0169_genome_024_0,group_0169_genome_025_0,group_0169_genome_026_0,group_0169_genome_027_0,,group_0169_genome_029_0,group_0169_genome_030_0
group_0170,group_0170,DNA polymerase,,,,,,,,,,,,group_0170_genome_001_0,group_0170_genome_002_0,group_0170_genome_003_0,group_0170_genome_004_0,group_0170_genome_005_0,group_0170_genome_006_0,group_0170_genome_007_0,group_0170_genome_008_0,group_0170_genome_009_0,group_0170_genome_010_0,group_0170_genome_011_0,group_0170_genome_012_0,group_0170_genome_013_0,group_0170_genome_014_0,group_0170_genome_015_0,group_0170_genome_016_0,group_0170_genome_017_0,group_0170_genome_018_0,,group_0170_genome_020_0,group_0170_genome_021_0,group_0170_genome_022_0,group_0170_genome_023_0,group_0170_genome_024_0,group_0170_genome_025_0,group_0170_genome_026_0,group_0170_genome_027_0,group_0170_genome_028_0,group_0170_genome_029_0,group_0170_genome_030_0
group_0171,group_0171,efflux pump,,,,,,,,,,,,group_0171_genome_001_0,group_0171_genome_002_0,group_0171_genome_003_0,group_0171_genome_004_0,group_0171_genome_005_0,group_0171_genome_006_0,group_0171_genome_007_0,,group_0171_genome_009_0,group_0171_genome_010_0,group_0171_genome_011_0,group_0171_genome_012_0,group_0171_genome_013_0,group_0171_genome_014_0,group_0171_genome_015_0,group_0171_genome_016_0,group_0171_genome_017_0,group_0171_genome_018_0,group_0171_genome_019_0,group_0171_genome_020_0,group_0171_genome_021_0,group_0171_genome_022_0,group_0171_genome_023_0,group_0171_genome_024_0,group_0171_genome_025_0,group_0171_genome_026_0,group_0171_genome_027_0,group_0171_genome_028_0,group_0171_genome_029_0,group_0171_genome_030_0
group_0172,group_0172,DNA polymerase,,,,,,,,,,,,group_0172_genome_001_0,,group_0172_genome_003_0,group_0172_genome_004_0,,group_0172_genome_006_0,,group_0172_genome_008_0,,group_0172_genome_010_0,,,group_0172_genome_013_0,,group_0172_genome_015_0,group_0172_genome_016_0,,group_0172_genome_018_0,group_0172_genome_019_0,group_0172_genome_020_0,group_0172_genome_021_0,,group_0172_genome_023_0,,group_0172_genome_025_0,,group_0172_genome_027_0,,group_0172_genome_029_0,group_0172_genome_030_0
group_0173,group_0173,flagellar protein,,,,,,,,,,,,group_0173_genome_001_0,group_0173_genome_002_0,group_0173_genome_003_0,group_0173_genome_004_0,group_0173_genome_005_0;group_0173_genome_005_1,group_0173_genome_006_0,group_0173_genome_007_0,group_0173_genome_008_0,group_0173_genome_009_0,group_0173_genome_010_0,group_0173_genome_011_0,group_0173_genome_012_0,,group_0173_genome_014_0,group_0173_genome_015_0,group_0173_genome_016_0,group_0173_genome_017_0,group_0173_genome_018_0,group_0173_genome_019_0,group_0173_genome_020_0,,group_0173_genome_022_0,group_0173_genome_023_0,group_0173_genome_024_0;group_0173_genome_024_1,group_0173_genome_025_0,group_0173_genome_026_0,group_0173_genome_027_0,group_0173_genome_028_0,group_0173_genome_029_0,group_0173_genome_030_0
group_0174,group_0174,efflux pump,,,,,,,,,,,,group_0174_genome_001_0,group_0174_genome_002_0,group_0174_genome_003_0,group_0174_genome_004_0,group_0174_genome_005_0,group_0174_genome_006_0,group_0174_genome_007_0,group_0174_genome_008_0,group_0174_genome_009_0,group_0174_genome_010_0,group_0174_genome_011_0,group_0174_genome_012_0,group_0174_genome_013_0,group_0174_genome_014_0,group_0174_genome_015_0;group_0174_genome_015_1,group_0174_genome_016_0,group_0174_genome_017_0,group_0174_genome_018_0,group_0174_genome_019_0,group_0174_genome_020_0,group_0174_genome_021_0,group_0174_genome_022_0,group_0174_genome_023_0,group_0174_genome_024_0,group_0174_genome_025_0,,group_0174_genome_027_0,group_0174_genome_028_0,group_0174_genome_029_0,group_0174_genome_030_0
group_0175,group_0175,membrane transporter,,,,,,,,,,,,,,group_0175_genome_003_0,,,group_0175_genome_006_0,group_0175_genome_007_0,group_0175_genome_008_0,group_0175_genome_009_0,group_0175_genome_010_0,,group_0175_genome_012_0,group_0175_genome_013_0,group_0175_genome_014_0,,group_0175_genome_016_0,group_0175_genome_017_0,,group_0175_genome_019_0,,,group_0175_genome_022_0,group_0175_genome_023_0,group_0175_genome_024_0,group_0175_genome_025_0,group_0175_genome_026_0,,,,
group_0176,group_0176,membrane transporter,,,,,,,,,,,,group_0176_genome_001_0,group_0176_genome_002_0,group_0176_genome_003_0,group_0176_genome_004_0,,group_0176_genome_006_0,group_0176_genome_007_0,group_0176_genome_008_0,group_0176_genome_009_0,group_0176_genome_010_0,group_0176_genome_011_0,group_0176_genome_012_0,group_0176_genome_013_0,group_0176_genome_014_0,group_0176_genome_015_0,group_0176_genome_016_0,group_0176_genome_017_0,group_0176_genome_018_0,group_0176_genome_019_0,,group_0176_genome_021_0,group_0176_genome_022_0,group_0176_genome_023_0,group_0176_genome_024_0,group_0176_genome_025_0,group_0176_genome_026_0,group_0176_genome_027_0,group_0176_genome_028_0,group_0176_genome_029_0,group_0176_genome_030_0
group_0177,group_0177,efflux pump,,,,,,,,,,,,group_0177_genome_001_0,group_0177_genome_002_0,group_0177_genome_003_0,group_0177_genome_004_0,group_0177_genome_005_0,group_0177_genome_006_0,group_0177_genome_007_0,group_0177_genome_008_0,group_0177_genome_009_0,group_0177_genome_010_0,group_0177_genome_011_0,group_0177_genome_012_0,group_0177_genome_013_0,group_0177_genome_014_0,group_0177_genome_015_0,group_0177_genome_016_0,group_0177_genome_017_0,group_0177_genome_018_0,group_0177_genome_019_0,group_0177_genome_020_0,,group_0177_genome_022_0,group_0177_genome_023_0,group_0177_genome_024_0,group_0177_genome_025_0,group_0177_genome_026_0,group_0177_genome_027_0,group_0177_genome_028_0,group_0177_genome_029_0,group_0177_genome_030_0
group_0178,group_0178,virulence factor,,,,,,,,,,,,,,,,,,,,,group_0178_genome_010_0,,group_0178_genome_012_0,,,,,,,,,,,,,,,,,,
group_0179,group_0179,efflux pump,,,,,,,,,,,,group_0179_genome_001_0,group_0179_genome_002_0,group_0179_genome_003_0,group_0179_genome_004_0,group_0179_genome_005_0,group_0179_genome_006_0,group_0179_genome_007_0,group_0179_genome_008_0,group_0179_genome_009_0,group_0179_genome_010_0,group_0179_genome_011_0,group_0179_genome_012_0,group_0179_genome_013_0,group_0179_genome_014_0,,group_0179_genome_016_0;group_0179_genome_016_1,group_0179_genome_017_0,group_0179_genome_018_0,group_0179_genome_019_0,group_0179_genome_020_0,group_0179_genome_021_0,group_0179_genome_022_0,group_0179_genome_023_0,group_0179_genome_024_0,group_0179_genome_025_0,group_0179_genome_026_0,group_0179_genome_027_0,group_0179_genome_028_0,group_0179_genome_029_0,group_0179_genome_030_0
group_0180,group_0180,DNA polymerase,,,,,,,,,,,,,,,,,,,,,,,,,,,,,,,,,,,,,,,,,
group_0181,group_0181,hypothetical protein,,,,,,,,,,,,group_0181_genome_001_0,group_0181_genome_002_0,group_0181_genome_003_0,group_0181_genome_004_0,group_0181_genome_005_0,group_0181_genome_006_0,group_0181_genome_007_0,group_0181_genome_008_0,group_0181_genome_009_0,group_0181_genome_010_0,group_0181_genome_011_0,group_0181_genome_012_0,group_0181_genome_013_0,group_0181_genome_014_0,group_0181_genome_015_0,group_0181_genome_016_0,group_0181_genome_017_0,group_0181_genome_018_0,group_0181_genome_019_0,group_0181_genome_020_0,group_0181_genome_021_0,group_0181_genome_022_0,group_0181_genome_023_0,group_0181_genome_024_0,group_0181_genome_025_0,group_0181_genome_026_0,group_0181_genome_027_0,group_0181_genome_028_0,group_0181_genome_029_0,group_0181_genome_030_0
group_0182,group_0182,,,,,,,,,,,,,group_0182_genome_001_0,group_0182_genome_002_0,group_0182_genome_003_0,group_0182_genome_004_0,,group_0182_genome_006_0,group_0182_genome_007_0,group_0182_genome_008_0,group_0182_genome_009_0,group_0182_genome_010_0,group_0182_genome_011_0,group_0182_genome_012_0,group_0182_genome_013_0,group_0182_genome_014_0,group_0182_genome_015_0,group_0182_genome_016_0,group_0182_genome_017_0,group_0182_genome_018_0,group_0182_genome_019_0,group_0182_genome_020_0,group_0182_genome_021_0,group_0182_genome_022_0,group_0182_genome_023_0,group_0182_genome_024_0,group_0182_genome_025_0,group_0182_genome_026_0,group_0182_genome_027_0,group_0182_genome_028_0,group_0182_genome_029_0,group_0182_genome_030_0
group_0183,group_0183,,,,,,,,,,,,,,,,,,,,,,,,,,,,,,,,,,,,,,,,,,
group_0184,group_0184,beta-lactamase,,,,,,,,,,,,group_0184_genome_001_0,group_0184_genome_002_0,group_0184_genome_003_0,group_0184_genome_004_0,group_0184_genome_005_0,group_0184_genome_006_0,group_0184_genome_007_0,group_0184_genome_008_0,group_0184_genome_009_0,group_0184_genome_010_0,group_0184_genome_011_0,group_0184_genome_012_0,group_0184_genome_013_0,group_0184_genome_014_0,group_0184_genome_015_0,group_0184_genome_016_0,group_0184_genome_017_0,group_0184_genome_018_0,group_0184_genome_019_0,group_0184_genome_020_0,group_0184_genome_021_0,group_0184_genome_022_0;group_0184_genome_022_1,group_0184_genome_023_0,group_0184_genome_024_0,group_0184_genome_025_0,group_0184_genome_026_0,group_0184_genome_027_0,group_0184_genome_028_0,group_0184_genome_029_0,group_0184_genome_030_0
group_0185,group_0185,efflux pump,,,,,,,,,,,,group_0185_genome_001_0;group_0185_genome_001_1,group_0185_genome_002_0,group_0185_genome_003_0,group_0185_genome_004_0,group_0185_genome_005_0,group_0185_genome_006_0,group_0185_genome_007_0,group_0185_genome_008_0,group_0185_genome_009_0,group_0185_genome_010_0,group_0185_genome_011_0,group_0185_genome_012_0,group_0185_genome_013_0,group_0185_genome_014_0,group_0185_genome_015_0,group_0185_genome_016_0,group_0185_genome_017_0,group_0185_genome_018_0,group_0185_genome_019_0,,group_0185_genome_021_0,group_0185_genome_022_0,group_0185_genome_023_0,group_0185_genome_024_0,group_0185_genome_025_0,group_0185_genome_026_0,group_0185_genome_027_0,,group_0185_genome_029_0,group_0185_genome_030_0
group_0186,group_0186,membrane transporter,,,,,,,,,,,,group_0186_genome_001_0,group_0186_genome_002_0,group_0186_genome_003_0,group_0186_genome_004_0,group_0186_genome_005_0,group_0186_genome_006_0,group_0186_genome_007_0,group_0186_genome_008_0,group_0186_genome_009_0,group_0186_genome_010_0,group_0186_genome_011_0,group_0186_genome_012_0;group_0186_genome_012_1,group_0186_genome_013_0,group_0186_genome_014_0,group_0186_genome_015_0,group_0186_genome_016_0;group_0186_genome_016_1,group_0186_genome_017_0,group_0186_genome_018_0,group_0186_genome_019_0,group_0186_genome_020_0,group_0186_genome_021_0,group_0186_genome_022_0,group_0186_genome_023_0,group_0186_genome_024_0,group_0186_genome_025_0,group_0186_genome_026_0,group_0186_genome_027_0,group_0186_genome_028_0,group_0186_genome_029_0,group_0186_genome_030_0
group_0187,group_0187,flagellar protein,,,,,,,,,,,,group_0187_genome_001_0,group_0187_genome_002_0,group_0187_genome_003_0,group_0187_genome_004_0,group_0187_genome_005_0,group_0187_genome_006_0,group_0187_genome_007_0,group_0187_genome_008_0,group_0187_genome_009_0,group_0187_genome_010_0,group_0187_genome_011_0,group_0187_genome_012_0,group_0187_genome_013_0,group_0187_genome_014_0,group_0187_genome_015_0,group_0187_genome_016_0,group_0187_genome_017_0,group_0187_genome_018_0,group_0187_genome_019_0,group_0187_genome_020_0,group_0187_genome_021_0,group_0187_genome_022_0,group_0187_genome_023_0,group_0187_genome_024_0,group_0187_genome_025_0,group_0187_genome_026_0,group_0187_genome_027_0,group_0187_genome_028_0,group_0187_genome_029_0,group_0187_genome_030_0
group_0188,group_0188,DNA polymerase,,,,,,,,,,,,,,,group_0188_genome_004_0,group_0188_genome_005_0,group_0188_genome_006_0,group_0188_genome_007_0;group_0188_genome_007_1,group_0188_genome_008_0,,group_0188_genome_010_0,group_0188_genome_011_0,,group_0188_genome_013_0,group_0188_genome_014_0,group_0188_genome_015_0,group_0188_genome_016_0,,group_0188_genome_018_0,,group_0188_genome_020_0,group_0188_genome_021_0,group_0188_genome_022_0,group_0188_genome_023_0,,group_0188_genome_025_0,group_0188_genome_026_0,group_0188_genome_027_0,group_0188_genome_028_0,,
group_0189,group_0189,,,,,,,,,,,,,group_0189_genome_001_0,group_0189_genome_002_0,group_0189_genome_003_0,group_0189_genome_004_0,group_0189_genome_005_0,group_0189_genome_006_0,group_0189_genome_007_0,group_0189_genome_008_0,group_0189_genome_009_0,group_0189_genome_010_0,group_0189_genome_011_0,group_0189_genome_012_0,group_0189_genome_013_0,group_0189_genome_014_0,group_0189_genome_015_0,group_0189_genome_016_0,group_0189_genome_017_0,group_0189_genome_018_0,group_0189_genome_019_0,group_0189_genome_020_0,group_0189_genome_021_0,group_0189_genome_022_0,group_0189_genome_023_0,,group_0189_genome_025_0,group_0189_genome_026_0,group_0189_genome_027_0,group_0189_genome_028_0,group_0189_genome_029_0,group_0189_genome_030_0
group_0190,group_0190,efflux pump,,,,,,,,,,,,group_0190_genome_001_0,group_0190_genome_002_0,group_0190_genome_003_0,group_0190_genome_004_0,group_0190_genome_005_0,group_0190_genome_006_0,group_0190_genome_007_0,group_0190_genome_008_0,group_0190_genome_009_0,group_0190_genome_010_0,group_0190_genome_011_0,group_0190_genome_012_0;group_0190_genome_012_1,group_0190_genome_013_0,group_0190_genome_014_0,group_0190_genome_015_0,group_0190_genome_016_0,group_0190_genome_017_0,group_0190_genome_018_0,group_0190_genome_019_0,group_0190_genome_020_0,group_0190_genome_021_0,group_0190_genome_022_0,group_0190_genome_023_0,group_0190_genome_024_0,group_0190_genome_025_0,group_0190_genome_026_0,group_0190_genome_027_0,group_0190_genome_028_0,group_0190_genome_029_0,group_0190_genome_030_0
group_0191,group_0191,flagellar protein,,,,,,,,,,,,,,,group_0191_genome_004_0,,,,,group_0191_genome_009_0,,,,,,,,,,,group_0191_genome_020_0,,,,group_0191_genome_024_0,,,,,,
group_0192,group_0192,DNA polymerase,,,,,,,,,,,,group_0192_genome_001_0,group_0192_genome_002_0,group_0192_genome_003_0,,group_0192_genome_005_0,group_0192_genome_006_0,group_0192_genome_007_0,group_0192_genome_008_0,group_0192_genome_009_0,group_0192_genome_010_0,group_0192_genome_011_0,group_0192_genome_012_0,group_0192_genome_013_0,,group_0192_genome_015_0,,group_0192_genome_017_0,group_0192_genome_018_0,,,group_0192_genome_021_0,,,group_0192_genome_024_0,group_0192_genome_025_0,group_0192_genome_026_0,,,,group_0192_genome_030_0
group_0193,group_0193,efflux pump,,,,,,,,,,,,group_0193_genome_001_0,group_0193_genome_002_0,,,,group_0193_genome_006_0,group_0193_genome_007_0,,group_0193_genome_009_0,group_0193_genome_010_0,group_0193_genome_011_0,group_0193_genome_012_0,group_0193_genome_013_0,,,group_0193_genome_016_0,group_0193_genome_017_0,,,group_0193_genome_020_0,group_0193_genome_021_0,,group_0193_genome_023_0,group_0193_genome_024_0,group_0193_genome_025_0,group_0193_genome_026_0,group_0193_genome_027_0;group_0193_genome_027_1,group_0193_genome_028_0,group_0193_genome_029_0,
group_0194,group_0194,beta-lactamase,,,,,,,,,,,,group_0194_genome_001_0,,,,group_0194_genome_005_0,group_0194_genome_006_0,group_0194_genome_007_0;group_0194_genome_007_1,,,,,,,,group_0194_genome_015_0,,group_0194_genome_017_0,group_0194_genome_018_0,,,group_0194_genome_021_0,group_0194_genome_022_0,group_0194_genome_023_0,group_0194_genome_024_0,group_0194_genome_025_0,,group_0194_genome_027_0,group_0194_genome_028_0,group_0194_genome_029_0,
group_0195,group_0195,beta-lactamase,,,,,,,,,,,,group_0195_genome_001_0,group_0195_genome_002_0,group_0195_genome_003_0,group_0195_genome_004_0,group_0195_genome_005_0,group_0195_genome_006_0,group_0195_genome_007_0,group_0195_genome_008_0,group_0195_genome_009_0,group_0195_genome_010_0,group_0195_genome_011_0,group_0195_genome_012_0,group_0195_genome_013_0,group_0195_genome_014_0,group_0195_genome_015_0,group_0195_genome_016_0,group_0195_genome_017_0,group_0195_genome_018_0,group_0195_genome_019_0,group_0195_genome_020_0,group_0195_genome_021_0,group_0195_genome_022_0,group_0195_genome_023_0,group_0195_genome_024_0,group_0195_genome_025_0,group_0195_genome_026_0,group_0195_genome_027_0,group_0195_genome_028_0,group_0195_genome_029_0,group_0195_genome_030_0
group_0196,group_0196,DNA polymerase,,,,,,,,,,,,group_0196_genome_001_0,,,group_0196_genome_004_0,,group_0196_genome_006_0,group_0196_genome_007_0,group_0196_genome_008_0,,group_0196_genome_010_0,group_0196_genome_011_0,group_0196_genome_012_0,,group_0196_genome_014_0,group_0196_genome_015_0,group_0196_genome_016_0,,group_0196_genome_018_0,group_0196_genome_019_0,group_0196_genome_020_0,,group_0196_genome_022_0,group_0196_genome_023_0,group_0196_genome_024_0,,group_0196_genome_026_0,,,group_0196_genome_029_0,group_0196_genome_030_0
group_0197,group_0197,,,,,,,,,,,,,group_0197_genome_001_0,group_0197_genome_002_0,group_0197_genome_003_0,,group_0197_genome_005_0,group_0197_genome_006_0,group_0197_genome_007_0,group_0197_genome_008_0,,group_0197_genome_010_0,,,,group_0197_genome_014_0,group_0197_genome_015_0,,,group_0197_genome_018_0,group_0197_genome_019_0,,group_0197_genome_021_0,,,group_0197_genome_024_0,group_0197_genome_025_0,group_0197_genome_026_0,,group_0197_genome_028_0,,group_0197_genome_030_0
group_0198,group_0198,membrane transporter,,,,,,,,,,,,,,,,,,,,,,,,group_0198_genome_013_0,,,,,,,,,,group_0198_genome_023_0,,,,,,,
group_0199,group_0199,beta-lactamase,,,,,,,,,,,,,,,,,,,,,,,,,,,,,,,,,,group_0199_genome_023_0,,,,group_0199_genome_027_0,group_0199_genome_028_0,,
group_0200,group_0200,,,,,,,,,,,,,,group_0200_genome_002_0,,,group_0200_genome_005_0,group_0200_genome_006_0,,,group_0200_genome_009_0,group_0200_genome_010_0,,group_0200_genome_012_0,group_0200_genome_013_0,group_0200_genome_014_0,,group_0200_genome_016_0,group_0200_genome_017_0,,group_0200_genome_019_0,,,group_0200_genome_022_0,group_0200_genome_023_0,group_0200_genome_024_0,,group_0200_genome_026_0,,,group_0200_genome_029_0,
group_0201,group_0201,flagellar protein,,,,,,,,,,,,group_0201_genome_001_0,group_0201_genome_002_0,group_0201_genome_003_0,group_0201_genome_004_0,group_0201_genome_005_0,group_0201_genome_006_0,group_0201_genome_007_0,group_0201_genome_008_0,group_0201_genome_009_0,group_0201_genome_010_0,group_0201_genome_011_0,group_0201_genome_012_0,group_0201_genome_013_0,group_0201_genome_014_0,group_0201_genome_015_0,group_0201_genome_016_0,group_0201_genome_017_0,group_0201_genome_018_0,group_0201_genome_019_0,group_0201_genome_020_0,group_0201_genome_021_0,group_0201_genome_022_0,group_0201_genome_023_0,group_0201_genome_024_0,group_0201_genome_025_0,group_0201_genome_026_0,group_0201_genome_027_0,group_0201_genome_028_0,group_0201_genome_029_0,group_0201_genome_030_0
group_0202,group_0202,flagellar protein,,,,,,,,,,,,,,,,,,group_0202_genome_007_0,,,,,group_0202_genome_012_0,,,,,,,,,,,,,group_0202_genome_025_0,,,,,group_0202_genome_030_0
group_0203,group_0203,beta-lactamase,,,,,,,,,,,,group_0203_genome_001_0,group_0203_genome_002_0,group_0203_genome_003_0,group_0203_genome_004_0,group_0203_genome_005_0,group_0203_genome_006_0,group_0203_genome_007_0,group_0203_genome_008_0,group_0203_genome_009_0,group_0203_genome_010_0,group_0203_genome_011_0,group_0203_genome_012_0,group_0203_genome_013_0;group_0203_genome_013_1,group_0203_genome_014_0,group_0203_genome_015_0,group_0203_genome_016_0,group_0203_genome_017_0,group_0203_genome_018_0,group_0203_genome_019_0,group_0203_genome_020_0;group_0203_genome_020_1,group_0203_genome_021_0,group_0203_genome_022_0,group_0203_genome_023_0,,group_0203_genome_025_0,group_0203_genome_026_0,group_0203_genome_027_0,group_0203_genome_028_0,group_0203_genome_029_0,group_0203_genome_030_0
group_0204,group_0204,flagellar protein,,,,,,,,,,,,group_0204_genome_001_0,group_0204_genome_002_0,group_0204_genome_003_0,group_0204_genome_004_0,group_0204_genome_005_0,group_0204_genome_006_0,group_0204_genome_007_0,group_0204_genome_008_0,group_0204_genome_009_0,group_0204_genome_010_0,group_0204_genome_011_0,group_0204_genome_012_0,group_0204_genome_013_0,group_0204_genome_014_0,group_0204_genome_015_0,group_0204_genome_016_0,group_0204_genome_017_0,group_0204_genome_018_0,group_0204_genome_019_0,group_0204_genome_020_0,group_0204_genome_021_0,group_0204_genome_022_0;group_0204_genome_022_1,group_0204_genome_023_0,group_0204_genome_024_0,group_0204_genome_025_0,group_0204_genome_026_0,group_0204_genome_027_0,group_0204_genome_028_0,group_0204_genome_029_0,group_0204_genome_030_0
group_0205,group_0205,flagellar protein,,,,,,,,,,,,,,,,,,group_0205_genome_007_0,,group_0205_genome_009_0,,,,,,group_0205_genome_015_0,,,,,,,,,,,,,,,
group_0206,group_0206,flagellar protein,,,,,,,,,,,,group_0206_genome_001_0,group_0206_genome_002_0,group_0206_genome_003_0,group_0206_genome_004_0,group_0206_genome_005_0,group_0206_genome_006_0,group_0206_genome_007_0,group_0206_genome_008_0,group_0206_genome_009_0,,group_0206_genome_011_0,group_0206_genome_012_0,group_0206_genome_013_0,group_0206_genome_014_0,group_0206_genome_015_0,group_0206_genome_016_0,group_0206_genome_017_0,group_0206_genome_018_0,group_0206_genome_019_0,group_0206_genome_020_0,group_0206_genome_021_0,group_0206_genome_022_0,group_0206_genome_023_0,group_0206_genome_024_0,group_0206_genome_025_0,group_0206_genome_026_0,group_0206_genome_027_0,group_0206_genome_028_0;group_0206_genome_028_1,group_0206_genome_029_0,group_0206_genome_030_0
group_0207,group_0207,flagellar protein,,,,,,,,,,,,,,group_0207_genome_003_0,,,group_0207_genome_006_0,group_0207_genome_007_0,group_0207_genome_008_0,,group_0207_genome_010_0;group_0207_genome_010_1,group_0207_genome_011_0,,group_0207_genome_013_0,,group_0207_genome_015_0,group_0207_genome_016_0,,group_0207_genome_018_0,group_0207_genome_019_0,,,group_0207_genome_022_0,group_0207_genome_023_0,,,group_0207_genome_026_0,group_0207_genome_027_0,group_0207_genome_028_0,,group_0207_genome_030_0
group_0208,group_0208,DNA polymerase,,,,,,,,,,,,,,group_0208_genome_003_0,,,,,,,,,,,,group_0208_genome_015_0,,,,,,,,,,,group_0208_genome_026_0,,,,
group_0209,group_0209,,,,,,,,,,,,,group_0209_genome_001_0,group_0209_genome_002_0,group_0209_genome_003_0;group_0209_genome_003_1,group_0209_genome_004_0;group_0209_genome_004_1,group_0209_genome_005_0,group_0209_genome_006_0,group_0209_genome_007_0,group_0209_genome_008_0,group_0209_genome_009_0,group_0209_genome_010_0,group_0209_genome_011_0,group_0209_genome_012_0,group_0209_genome_013_0,group_0209_genome_014_0,group_0209_genome_015_0,group_0209_genome_016_0,group_0209_genome_017_0,group_0209_genome_018_0,group_0209_genome_019_0,group_0209_genome_020_0,group_0209_genome_021_0,,group_0209_genome_023_0,group_0209_genome_024_0,group_0209_genome_025_0,group_0209_genome_026_0,group_0209_genome_027_0,group_0209_genome_028_0,group_0209_genome_029_0,group_0209_genome_030_0
group_0210,group_0210,,,,,,,,,,,,,group_0210_genome_001_0,group_0210_genome_002_0,group_0210_genome_003_0,group_0210_genome_004_0,group_0210_genome_005_0,group_0210_genome_006_0,group_0210_genome_007_0,group_0210_genome_008_0,group_0210_genome_009_0;group_0210_genome_009_1,group_0210_genome_010_0,group_0210_genome_011_0,group_0210_genome_012_0,group_0210_genome_013_0,group_0210_genome_014_0,group_0210_genome_015_0,group_0210_genome_016_0,group_0210_genome_017_0,group_0210_genome_018_0,group_0210_genome_019_0,group_0210_genome_020_0,group_0210_genome_021_0,group_0210_genome_022_0,group_0210_genome_023_0,group_0210_genome_024_0,group_0210_genome_025_0,,group_0210_genome_027_0,group_0210_genome_028_0,group_0210_genome_029_0;group_0210_genome_029_1,group_0210_genome_030_0
group_0211,group_0211,DNA polymerase,,,,,,,,,,,,group_0211_genome_001_0,group_0211_genome_002_0,group_0211_genome_003_0,group_0211_genome_004_0;group_0211_genome_004_1,group_0211_genome_005_0,group_0211_genome_006_0,group_0211_genome_007_0,group_0211_genome_008_0,group_0211_genome_009_0,group_0211_genome_010_0,group_0211_genome_011_0,group_0211_genome_012_0,group_0211_genome_013_0,group_0211_genome_014_0,group_0211_genome_015_0,,group_0211_genome_017_0,group_0211_genome_018_0,group_0211_genome_019_0,group_0211_genome_020_0,group_0211_genome_021_0,group_0211_genome_022_0,group_0211_genome_023_0,group_0211_genome_024_0,group_0211_genome_025_0,group_0211_genome_026_0,group_0211_genome_027_0,group_0211_genome_028_0,group_0211_genome_029_0,group_0211_genome_030_0
group_0212,group_0212,membrane transporter,,,,,,,,,,,,group_0212_genome_001_0,,group_0212_genome_003_0,group_0212_genome_004_0,group_0212_genome_005_0,,group_0212_genome_007_0,group_0212_genome_008_0,,,,group_0212_genome_012_0,group_0212_genome_013_0,group_0212_genome_014_0,,,group_0212_genome_017_0,,group_0212_genome_019_0,,group_0212_genome_021_0,,,group_0212_genome_024_0,group_0212_genome_025_0,group_0212_genome_026_0,,,group_0212_genome_029_0,group_0212_genome_030_0
group_0213,group_0213,DNA polymerase,,,,,,,,,,,,group_0213_genome_001_0;group_0213_genome_001_1,group_0213_genome_002_0,group_0213_genome_003_0,group_0213_genome_004_0,group_0213_genome_005_0,group_0213_genome_006_0,group_0213_genome_007_0,group_0213_genome_008_0,group_0213_genome_009_0,group_0213_genome_010_0,group_0213_genome_011_0,group_0213_genome_012_0,group_0213_genome_013_0,,group_0213_genome_015_0,group_0213_genome_016_0,group_0213_genome_017_0,group_0213_genome_018_0,group_0213_genome_019_0,group_0213_genome_020_0,group_0213_genome_021_0,group_0213_genome_022_0,group_0213_genome_023_0,group_0213_genome_024_0,group_0213_genome_025_0,group_0213_genome_026_0,group_0213_genome_027_0,group_0213_genome_028_0,group_0213_genome_029_0,group_0213_genome_030_0
group_0214,group_0214,hypothetical protein,,,,,,,,,,,,group_0214_genome_001_0,group_0214_genome_002_0,group_0214_genome_003_0,group_0214_genome_004_0,group_0214_genome_005_0,group_0214_genome_006_0,group_0214_genome_007_0,,,group_0214_genome_010_0,group_0214_genome_011_0,,group_0214_genome_013_0,group_0214_genome_014_0,group_0214_genome_015_0,group_0214_genome_016_0,,group_0214_genome_018_0,,,,group_0214_genome_022_0,group_0214_genome_023_0,group_0214_genome_024_0,group_0214_genome_025_0,group_0214_genome_026_0,group_0214_genome_027_0,group_0214_genome_028_0,group_0214_genome_029_0,group_0214_genome_030_0
group_0215,group_0215,flagellar protein,,,,,,,,,,,,group_0215_genome_001_0,group_0215_genome_002_0,group_0215_genome_003_0,group_0215_genome_004_0,group_0215_genome_005_0,,,group_0215_genome_008_0,group_0215_genome_009_0,group_0215_genome_010_0,group_0215_genome_011_0,group_0215_genome_012_0,group_0215_genome_013_0,group_0215_genome_014_0,group_0215_genome_015_0,group_0215_genome_016_0,group_0215_genome_017_0,group_0215_genome_018_0;group_0215_genome_018_1,group_0215_genome_019_0,group_0215_genome_020_0,group_0215_genome_021_0,group_0215_genome_022_0,group_0215_genome_023_0;group_0215_genome_023_1,group_0215_genome_024_0,group_0215_genome_025_0,group_0215_genome_026_0,group_0215_genome_027_0,group_0215_genome_028_0,group_0215_genome_029_0,group_0215_genome_030_0
group_0216,group_0216,virulence factor,,,,,,,,,,,,,,group_0216_genome_003_0,,group_0216_genome_005_0,,group_0216_genome_007_0,,group_0216_genome_009_0,group_0216_genome_010_0,,,,group_0216_genome_014_0,,group_0216_genome_016_0,group_0216_genome_017_0,,group_0216_genome_019_0,,,,,group_0216_genome_024_0,group_0216_genome_025_0,group_0216_genome_026_0,,group_0216_genome_028_0;group_0216_genome_028_1,group_0216_genome_029_0,group_0216_genome_030_0
group_0217,group_0217,beta-lactamase,,,,,,,,,,,,group_0217_genome_001_0,group_0217_genome_002_0,group_0217_genome_003_0,group_0217_genome_004_0,group_0217_genome_005_0,group_0217_genome_006_0,group_0217_genome_007_0,group_0217_genome_008_0,group_0217_genome_009_0,group_0217_genome_010_0,group_0217_genome_011_0,group_0217_genome_012_0,group_0217_genome_013_0,group_0217_genome_014_0,group_0217_genome_015_0,group_0217_genome_016_0,group_0217_genome_017_0,group_0217_genome_018_0,group_0217_genome_019_0,group_0217_genome_020_0,group_0217_genome_021_0,group_0217_genome_022_0,group_0217_genome_023_0,group_0217_genome_024_0,group_0217_genome_025_0,group_0217_genome_026_0,group_0217_genome_027_0,group_0217_genome_028_0,group_0217_genome_029_0,group_0217_genome_030_0
group_0218,group_0218,hypothetical protein,,,,,,,,,,,,group_0218_genome_001_0,group_0218_genome_002_0,,,group_0218_genome_005_0,group_0218_genome_006_0,group_0218_genome_007_0,group_0218_genome_008_0,,,group_0218_genome_011_0,group_0218_genome_012_0,,group_0218_genome_014_0,,,,,group_0218_genome_019_0,,,group_0218_genome_022_0,,,group_0218_genome_025_0,,group_0218_genome_027_0,group_0218_genome_028_0,group_0218_genome_029_0,
group_0219,group_0219,flagellar protein,,,,,,,,,,,,group_0219_genome_001_0,,group_0219_genome_003_0,group_0219_genome_004_0,group_0219_genome_005_0,group_0219_genome_006_0,group_0219_genome_007_0,group_0219_genome_008_0,group_0219_genome_009_0,group_0219_genome_010_0,group_0219_genome_011_0,group_0219_genome_012_0,group_0219_genome_013_0,group_0219_genome_014_0,group_0219_genome_015_0,group_0219_genome_016_0,,group_0219_genome_018_0,,group_0219_genome_020_0;group_0219_genome_020_1,,,group_0219_genome_023_0,group_0219_genome_024_0,,group_0219_genome_026_0,group_0219_genome_027_0,group_0219_genome_028_0,group_0219_genome_029_0,
group_0220,group_0220,,,,,,,,,,,,,group_0220_genome_001_0,group_0220_genome_002_0,group_0220_genome_003_0,group_0220_genome_004_0,group_0220_genome_005_0,group_0220_genome_006_0,group_0220_genome_007_0,group_0220_genome_008_0,group_0220_genome_009_0,group_0220_genome_010_0,group_0220_genome_011_0,group_0220_genome_012_0,group_0220_genome_013_0,group_0220_genome_014_0,group_0220_genome_015_0,group_0220_genome_016_0,group_0220_genome_017_0,group_0220_genome_018_0,group_0220_genome_019_0,group_0220_genome_020_0,group_0220_genome_021_0,group_0220_genome_022_0,group_0220_genome_023_0,group_0220_genome_024_0,group_0220_genome_025_0,group_0220_genome_026_0,group_0220_genome_027_0,group_0220_genome_028_0,group_0220_genome_029_0,group_0220_genome_030_0;group_0220_genome_030_1
group_0221,group_0221,virulence factor,,,,,,,,,,,,,,,,,,,,,,,,,group_0221_genome_014_0,,,,,,,,,,,,,,,,
group_0222,group_0222,virulence factor,,,,,,,,,,,,,,,,,,,,,,,,,,,,,,,,,,,,,,,,,
group_0223,group_0223,virulence factor,,,,,,,,,,,,group_0223_genome_001_0,group_0223_genome_002_0,,group_0223_genome_004_0,,group_0223_genome_006_0,group_0223_genome_007_0,group_0223_genome_008_0,group_0223_genome_009_0,group_0223_genome_010_0,group_0223_genome_011_0,group_0223_genome_012_0,group_0223_genome_013_0,group_0223_genome_014_0,group_0223_genome_015_0,group_0223_genome_016_0,group_0223_genome_017_0,group_0223_genome_018_0,group_0223_genome_019_0,group_0223_genome_020_0,group_0223_genome_021_0,group_0223_genome_022_0,group_0223_genome_023_0,group_0223_genome_024_0;group_0223_genome_024_1,group_0223_genome_025_0,group_0223_genome_026_0,group_0223_genome_027_0,group_0223_genome_028_0,group_0223_genome_029_0,group_0223_genome_030_0
group_0224,group_0224,hypothetical protein,,,,,,,,,,,,group_0224_genome_001_0,group_0224_genome_002_0,group_0224_genome_003_0,group_0224_genome_004_0,group_0224_genome_005_0,group_0224_genome_006_0,group_0224_genome_007_0,,group_0224_genome_009_0,group_0224_genome_010_0;group_0224_genome_010_1,group_0224_genome_011_0,group_0224_genome_012_0,group_0224_genome_013_0,group_0224_genome_014_0,group_0224_genome_015_0,group_0224_genome_016_0,group_0224_genome_017_0,group_0224_genome_018_0,group_0224_genome_019_0,group_0224_genome_020_0,group_0224_genome_021_0,group_0224_genome_022_0,group_0224_genome_023_0,group_0224_genome_024_0,group_0224_genome_025_0,group_0224_genome_026_0;group_0224_genome_026_1,group_0224_genome_027_0,group_0224_genome_028_0,group_0224_genome_029_0,group_0224_genome_030_0
group_0225,group_0225,DNA polymerase,,,,,,,,,,,,group_0225_genome_001_0,group_0225_genome_002_0,group_0225_genome_003_0,group_0225_genome_004_0,group_0225_genome_005_0,group_0225_genome_006_0;group_0225_genome_006_1,group_0225_genome_007_0,group_0225_genome_008_0,group_0225_genome_009_0,group_0225_genome_010_0,group_0225_genome_011_0,group_0225_genome_012_0,group_0225_genome_013_0,group_0225_genome_014_0,group_0225_genome_015_0,group_0225_genome_016_0;group_0225_genome_016_1,group_0225_genome_017_0,group_0225_genome_018_0,group_0225_genome_019_0;group_0225_genome_019_1,group_0225_genome_020_0;group_0225_genome_020_1,group_0225_genome_021_0,group_0225_genome_022_0,group_0225_genome_023_0,group_0225_genome_024_0,group_0225_genome_025_0,group_0225_genome_026_0,group_0225_genome_027_0,group_0225_genome_028_0,group_0225_genome_029_0,group_0225_genome_030_0
group_0226,group_0226,beta-lactamase,,,,,,,,,,,,group_0226_genome_001_0,group_0226_genome_002_0,group_0226_genome_003_0,group_0226_genome_004_0,group_0226_genome_005_0,group_0226_genome_006_0,group_0226_genome_007_0,group_0226_genome_008_0,group_0226_genome_009_0,group_0226_genome_010_0,group_0226_genome_011_0,group_0226_genome_012_0,,group_0226_genome_014_0,group_0226_genome_015_0,group_0226_genome_016_0,group_0226_genome_017_0,group_0226_genome_018_0,group_0226_genome_019_0,group_0226_genome_020_0,group_0226_genome_021_0,group_0226_genome_022_0,group_0226_genome_023_0,group_0226_genome_024_0,group_0226_genome_025_0,group_0226_genome_026_0,group_0226_genome_027_0,group_0226_genome_028_0,group_0226_genome_029_0,group_0226_genome_030_0
group_0227,group_0227,membrane transporter,,,,,,,,,,,,group_0227_genome_001_0,group_0227_genome_002_0,group_0227_genome_003_0,group_0227_genome_004_0,group_0227_genome_005_0,group_0227_genome_006_0,group_0227_genome_007_0,group_0227_genome_008_0,group_0227_genome_009_0,group_0227_genome_010_0,group_0227_genome_011_0,,group_0227_genome_013_0,group_0227_genome_014_0,group_0227_genome_015_0,group_0227_genome_016_0,group_0227_genome_017_0;group_0227_genome_017_1,group_0227_genome_018_0,group_0227_genome_019_0,group_0227_genome_020_0,group_0227_genome_021_0,group_0227_genome_022_0,group_0227_genome_023_0,group_0227_genome_024_0,group_0227_genome_025_0,group_0227_genome_026_0,group_0227_genome_027_0,group_0227_genome_028_0,group_0227_genome_029_0,group_0227_genome_030_0
group_0228,group_0228,virulence factor,,,,,,,,,,,,,,,group_0228_genome_004_0,,,,,,group_0228_genome_010_0,,,,,,,,,,,,group_0228_genome_022_0,,,,,,,,
group_0229,group_0229,membrane transporter,,,,,,,,,,,,group_0229_genome_001_0,group_0229_genome_002_0,group_0229_genome_003_0,group_0229_genome_004_0,group_0229_genome_005_0,group_0229_genome_006_0,group_0229_genome_007_0,group_0229_genome_008_0,group_0229_genome_009_0,group_0229_genome_010_0,group_0229_genome_011_0,group_0229_genome_012_0,group_0229_genome_013_0,group_0229_genome_014_0,group_0229_genome_015_0,group_0229_genome_016_0,group_0229_genome_017_0,group_0229_genome_018_0,group_0229_genome_019_0,group_0229_genome_020_0,group_0229_genome_021_0,group_0229_genome_022_0,group_0229_genome_023_0,group_0229_genome_024_0,group_0229_genome_025_0,group_0229_genome_026_0,group_0229_genome_027_0,group_0229_genome_028_0,group_0229_genome_029_0,group_0229_genome_030_0
group_0230,group_0230,virulence factor,,,,,,,,,,,,group_0230_genome_001_0,group_0230_genome_002_0,group_0230_genome_003_0,group_0230_genome_004_0,group_0230_genome_005_0,group_0230_genome_006_0,group_0230_genome_007_0,group_0230_genome_008_0,group_0230_genome_009_0,group_0230_genome_010_0,group_0230_genome_011_0,group_0230_genome_012_0,group_0230_genome_013_0,group_0230_genome_014_0,group_0230_genome_015_0;group_0230_genome_015_1,group_0230_genome_016_0,group_0230_genome_017_0,group_0230_genome_018_0,group_0230_genome_019_0,group_0230_genome_020_0,group_0230_genome_021_0,group_0230_genome_022_0,group_0230_genome_023_0,group_0230_genome_024_0,group_0230_genome_025_0,group_0230_genome_026_0,group_0230_genome_027_0,group_0230_genome_028_0,group_0230_genome_029_0,group_0230_genome_030_0
group_0231,group_0231,virulence factor,,,,,,,,,,,,group_0231_genome_001_0,group_0231_genome_002_0,group_0231_genome_003_0,group_0231_genome_004_0,group_0231_genome_005_0,group_0231_genome_006_0,group_0231_genome_007_0,group_0231_genome_008_0,group_0231_genome_009_0,group_0231_genome_010_0,group_0231_genome_011_0,group_0231_genome_012_0,group_0231_genome_013_0,group_0231_genome_014_0,group_0231_genome_015_0,group_0231_genome_016_0,group_0231_genome_017_0,group_0231_genome_018_0,group_0231_genome_019_0,group_0231_genome_020_0,group_0231_genome_021_0,group_0231_genome_022_0,group_0231_genome_023_0,group_0231_genome_024_0,group_0231_genome_025_0,group_0231_genome_026_0,group_0231_genome_027_0,group_0231_genome_028_0,group_0231_genome_029_0,group_0231_genome_030_0
group_0232,group_0232,virulence factor,,,,,,,,,,,,,,,,,,group_0232_genome_007_0,,,group_0232_genome_010_0,,group_0232_genome_012_0,,group_0232_genome_014_0,group_0232_genome_015_0,,group_0232_genome_017_0,group_0232_genome_018_0,,,,,group_0232_genome_023_0,group_0232_genome_024_0,group_0232_genome_025_0,group_0232_genome_026_0,,group_0232_genome_028_0,group_0232_genome_029_0,group_0232_genome_030_0
group_0233,group_0233,hypothetical protein,,,,,,,,,,,,group_0233_genome_001_0,group_0233_genome_002_0,group_0233_genome_003_0;group_0233_genome_003_1,group_0233_genome_004_0,group_0233_genome_005_0,group_0233_genome_006_0,group_0233_genome_007_0,group_0233_genome_008_0,group_0233_genome_009_0,group_0233_genome_010_0,,group_0233_genome_012_0,,group_0233_genome_014_0,group_0233_genome_015_0,group_0233_genome_016_0,group_0233_genome_017_0,group_0233_genome_018_0,group_0233_genome_019_0,group_0233_genome_020_0;group_0233_genome_020_1,group_0233_genome_021_0,group_0233_genome_022_0,group_0233_genome_023_0,group_0233_genome_024_0,group_0233_genome_025_0,group_0233_genome_026_0,group_0233_genome_027_0,group_0233_genome_028_0,group_0233_genome_029_0,group_0233_genome_030_0
group_0234,group_0234,efflux pump,,,,,,,,,,,,group_0234_genome_001_0,group_0234_genome_002_0,,group_0234_genome_004_0,group_0234_genome_005_0,group_0234_genome_006_0;group_0234_genome_006_1,group_0234_genome_007_0;group_0234_genome_007_1,group_0234_genome_008_0,group_0234_genome_009_0,group_0234_genome_010_0,group_0234_genome_011_0,group_0234_genome_012_0,group_0234_genome_013_0,group_0234_genome_014_0,group_0234_genome_015_0,group_0234_genome_016_0,group_0234_genome_017_0,group_0234_genome_018_0,group_0234_genome_019_0,group_0234_genome_020_0,group_0234_genome_021_0,group_0234_genome_022_0,group_0234_genome_023_0,group_0234_genome_024_0,group_0234_genome_025_0,group_0234_genome_026_0,group_0234_genome_027_0,group_0234_genome_028_0,group_0234_genome_029_0,group_0234_genome_030_0
group_0235,group_0235,flagellar protein,,,,,,,,,,,,group_0235_genome_001_0,,,,,,,,,,,,,,,,,,,,,,,,,,,,,
group_0236,group_0236,DNA polymerase,,,,,,,,,,,,,,group_0236_genome_003_0,,,,,,,,group_0236_genome_011_0,,,group_0236_genome_014_0,,,,,,,,,,,,group_0236_genome_026_0,,,group_0236_genome_029_0,
group_0237,group_0237,efflux pump,,,,,,,,,,,,group_0237_genome_001_0,,,,,,,,group_0237_genome_009_0,,,,,,,,,,,,,,,,,,,,,
group_0238,group_0238,,,,,,,,,,,,,group_0238_genome_001_0,group_0238_genome_002_0,group_0238_genome_003_0,group_0238_genome_004_0,group_0238_genome_005_0,group_0238_genome_006_0,group_0238_genome_007_0,group_0238_genome_008_0,group_0238_genome_009_0,group_0238_genome_010_0,group_0238_genome_011_0,group_0238_genome_012_0,group_0238_genome_013_0,group_0238_genome_014_0,group_0238_genome_015_0,group_0238_genome_016_0,group_0238_genome_017_0,group_0238_genome_018_0,group_0238_genome_019_0,group_0238_genome_020_0,group_0238_genome_021_0,group_0238_genome_022_0;group_0238_genome_022_1,group_0238_genome_023_0,group_0238_genome_024_0,group_0238_genome_025_0,group_0238_genome_026_0,group_0238_genome_027_0,group_0238_genome_028_0,group_0238_genome_029_0,group_0238_genome_030_0
group_0239,group_0239,flagellar protein,,,,,,,,,,,,group_0239_genome_001_0,group_0239_genome_002_0,group_0239_genome_003_0,group_0239_genome_004_0;group_0239_genome_004_1,,,group_0239_genome_007_0,,,group_0239_genome_010_0;group_0239_genome_010_1,group_0239_genome_011_0,group_0239_genome_012_0,,group_0239_genome_014_0,group_0239_genome_015_0,group_0239_genome_016_0,group_0239_genome_017_0,group_0239_genome_018_0,group_0239_genome_019_0,group_0239_genome_020_0,,group_0239_genome_022_0,group_0239_genome_023_0,group_0239_genome_024_0,,,group_0239_genome_027_0,group_0239_genome_028_0,group_0239_genome_029_0,group_0239_genome_030_0
group_0240,group_0240,flagellar protein,,,,,,,,,,,,,,,,,,,,,,,,,,,,,,,,,,,,,,,,,
group_0241,group_0241,virulence factor,,,,,,,,,,,,group_0241_genome_001_0,group_0241_genome_002_0,group_0241_genome_003_0,group_0241_genome_004_0,group_0241_genome_005_0,group_0241_genome_006_0,group_0241_genome_007_0,group_0241_genome_008_0,group_0241_genome_009_0,group_0241_genome_010_0,group_0241_genome_011_0,group_0241_genome_012_0,group_0241_genome_013_0,group_0241_genome_014_0,group_0241_genome_015_0,group_0241_genome_016_0,group_0241_genome_017_0,group_0241_genome_018_0,group_0241_genome_019_0,group_0241_genome_020_0,group_0241_genome_021_0,group_0241_genome_022_0,group_0241_genome_023_0,group_0241_genome_024_0,group_0241_genome_025_0,group_0241_genome_026_0,group_0241_genome_027_0,group_0241_genome_028_0,group_0241_genome_029_0,group_0241_genome_030_0
group_0242,group_0242,efflux pump,,,,,,,,,,,,group_0242_genome_001_0,,group_0242_genome_003_0,group_0242_genome_004_0,group_0242_genome_005_0,,,group_0242_genome_008_0,,,,group_0242_genome_012_0,,,group_0242_genome_015_0,group_0242_genome_016_0,group_0242_genome_017_0,,,,group_0242_genome_021_0,,group_0242_genome_023_0,,group_0242_genome_025_0,group_0242_genome_026_0,,group_0242_genome_028_0,group_0242_genome_029_0,group_0242_genome_030_0
group_0243,group_0243,beta-lactamase,,,,,,,,,,,,,group_0243_genome_002_0,group_0243_genome_003_0,,,,group_0243_genome_007_0,,,group_0243_genome_010_0,group_0243_genome_011_0,group_0243_genome_012_0,,group_0243_genome_014_0,group_0243_genome_015_0,,group_0243_genome_017_0,group_0243_genome_018_0,group_0243_genome_019_0,group_0243_genome_020_0,group_0243_genome_021_0,,,,,group_0243_genome_026_0,,group_0243_genome_028_0,group_0243_genome_029_0,group_0243_genome_030_0
group_0244,group_0244,efflux pump,,,,,,,,,,,,group_0244_genome_001_0,group_0244_genome_002_0,group_0244_genome_003_0,group_0244_genome_004_0,group_0244_genome_005_0,group_0244_genome_006_0,group_0244_genome_007_0,group_0244_genome_008_0,group_0244_genome_009_0,group_0244_genome_010_0,group_0244_genome_011_0,group_0244_genome_012_0,group_0244_genome_013_0,group_0244_genome_014_0,group_0244_genome_015_0,group_0244_genome_016_0,group_0244_genome_017_0,group_0244_genome_018_0;group_0244_genome_018_1,group_0244_genome_019_0,group_0244_genome_020_0,,group_0244_genome_022_0,group_0244_genome_023_0,group_0244_genome_024_0,group_0244_genome_025_0,group_0244_genome_026_0,group_0244_genome_027_0,group_0244_genome_028_0,group_0244_genome_029_0,group_0244_genome_030_0
group_0245,group_0245,DNA polymerase,,,,,,,,,,,,group_0245_genome_001_0,group_0245_genome_002_0,group_0245_genome_003_0,group_0245_genome_004_0,group_0245_genome_005_0,,group_0245_genome_007_0,group_0245_genome_008_0,group_0245_genome_009_0,group_0245_genome_010_0,group_0245_genome_011_0,group_0245_genome_012_0,group_0245_genome_013_0,group_0245_genome_014_0,group_0245_genome_015_0,group_0245_genome_016_0,group_0245_genome_017_0,group_0245_genome_018_0,group_0245_genome_019_0,group_0245_genome_020_0,group_0245_genome_021_0,group_0245_genome_022_0,group_0245_genome_023_0,group_0245_genome_024_0,group_0245_genome_025_0,group_0245_genome_026_0,group_0245_genome_027_0,group_0245_genome_028_0,group_0245_genome_029_0,group_0245_genome_030_0
group_0246,group_0246,,,,,,,,,,,,,group_0246_genome_001_0,group_0246_genome_002_0,group_0246_genome_003_0,group_0246_genome_004_0,group_0246_genome_005_0,group_0246_genome_006_0,group_0246_genome_007_0,group_0246_genome_008_0,group_0246_genome_009_0,group_0246_genome_010_0,group_0246_genome_011_0,group_0246_genome_012_0,group_0246_genome_013_0,group_0246_genome_014_0,group_0246_genome_015_0,group_0246_genome_016_0,group_0246_genome_017_0,group_0246_genome_018_0,group_0246_genome_019_0,group_0246_genome_020_0,group_0246_genome_021_0,group_0246_genome_022_0,group_0246_genome_023_0,group_0246_genome_024_0,group_0246_genome_025_0,group_0246_genome_026_0,,group_0246_genome_028_0,group_0246_genome_029_0,group_0246_genome_030_0
group_0247,group_0247,beta-lactamase,,,,,,,,,,,,group_0247_genome_001_0,group_0247_genome_002_0,group_0247_genome_003_0,group_0247_genome_004_0,group_0247_genome_005_0,group_0247_genome_006_0,group_0247_genome_007_0,group_0247_genome_008_0,group_0247_genome_009_0,group_0247_genome_010_0,group_0247_genome_011_0,group_0247_genome_012_0,group_0247_genome_013_0,group_0247_genome_014_0,group_0247_genome_015_0,group_0247_genome_016_0,group_0247_genome_017_0,group_0247_genome_018_0,group_0247_genome_019_0,group_0247_genome_020_0,group_0247_genome_021_0,group_0247_genome_022_0,group_0247_genome_023_0,group_0247_genome_024_0,group_0247_genome_025_0,group_0247_genome_026_0,group_0247_genome_027_0,group_0247_genome_028_0,group_0247_genome_029_0,group_0247_genome_030_0
group_0248,group_0248,hypothetical protein,,,,,,,,,,,,group_0248_genome_001_0,group_0248_genome_002_0,group_0248_genome_003_0,group_0248_genome_004_0;group_0248_genome_004_1,group_0248_genome_005_0,group_0248_genome_006_0,group_0248_genome_007_0,group_0248_genome_008_0,group_0248_genome_009_0,group_0248_genome_010_0,group_0248_genome_011_0,group_0248_genome_012_0,group_0248_genome_013_0,group_0248_genome_014_0,group_0248_genome_015_0,group_0248_genome_016_0,group_0248_genome_017_0,group_0248_genome_018_0,group_0248_genome_019_0,group_0248_genome_020_0,group_0248_genome_021_0,group_0248_genome_022_0,group_0248_genome_023_0,group_0248_genome_024_0,group_0248_genome_025_0,group_0248_genome_026_0,group_0248_genome_027_0,group_0248_genome_028_0,group_0248_genome_029_0,group_0248_genome_030_0
group_0249,group_0249,DNA polymerase,,,,,,,,,,,,group_0249_genome_001_0,group_0249_genome_002_0,group_0249_genome_003_0,group_0249_genome_004_0;group_0249_genome_004_1,group_0249_genome_005_0,group_0249_genome_006_0,group_0249_genome_007_0,group_0249_genome_008_0,group_0249_genome_009_0,group_0249_genome_010_0,group_0249_genome_011_0,group_0249_genome_012_0,group_0249_genome_013_0,group_0249_genome_014_0,group_0249_genome_015_0,group_0249_genome_016_0,group_0249_genome_017_0,group_0249_genome_018_0,group_0249_genome_019_0,group_0249_genome_020_0,group_0249_genome_021_0,group_0249_genome_022_0,group_0249_genome_023_0,group_0249_genome_024_0,group_0249_genome_025_0,group_0249_genome_026_0,group_0249_genome_027_0,group_0249_genome_028_0,group_0249_genome_029_0,group_0249_genome_030_0
